state,lat,lng,elevation,slope_deg,drainage_density,ndvi,ndwi,land_surface_temp,mineral_alteration_index,mn_ppm_soil,magnetic_anomaly_nt,distance_to_fault_km,distance_to_known_mine_km,thickness_m,ore_grade_mn_pct,water_table_depth_m,geology_type,prospectivity_score
Karnataka,18.1796,77.428,578.9,6.3,0.64,0.185,0.22,31.6,0.45,555.0,14.5,5.95,373.32,1.8,14.8,15.1,archean,0.222
Odisha,20.5991,85.0962,728.1,7.8,1.64,0.505,-0.272,31.7,0.598,659.9,62.1,0.82,526.84,3.72,42.5,21.9,gondite_archean,0.458
Odisha,22.228,84.4057,630.0,11.6,1.66,0.478,-0.189,37.5,0.586,956.4,13.2,2.53,438.2,2.44,28.6,29.4,gondite_archean,0.485
Odisha,21.9066,83.7609,889.5,27.3,0.76,0.153,0.189,33.3,0.348,958.9,57.3,0.62,369.75,3.41,29.5,24.3,gondite_archean,0.518
Karnataka,12.4131,75.7439,360.1,25.8,1.99,0.682,-0.017,23.9,0.637,819.1,66.2,5.45,1034.59,3.44,9.4,24.8,archean,0.428
Karnataka,15.3057,78.1303,299.4,15.0,2.32,0.287,-0.254,26.6,0.484,760.3,57.8,16.41,657.7,2.31,28.2,19.7,archean,0.433
Andhra Pradesh,18.8441,83.136,188.0,8.7,1.4,0.641,0.216,22.1,0.151,579.1,6.9,3.3,446.68,1.82,18.7,19.8,kodurite_archean,0.346
Karnataka,18.3166,78.3498,301.4,17.9,1.04,0.321,-0.278,31.8,0.541,528.2,28.9,2.61,324.44,2.75,26.9,18.8,archean,0.288
Jharkhand,22.4841,86.3443,709.3,9.1,2.24,0.371,0.079,32.1,0.414,675.4,16.5,1.65,639.38,4.2,22.6,15.5,archean,0.261
Madhya Pradesh,21.6103,79.5275,409.4,32.8,0.59,0.355,-0.232,36.8,0.568,708.7,52.3,8.63,50.57,4.8,35.4,10.7,gondite_archean,0.53
Odisha,22.1916,86.6515,606.5,12.5,1.18,0.586,0.238,36.2,0.634,1023.4,44.1,0.07,668.58,5.6,33.2,17.0,gondite_archean,0.653
Madhya Pradesh,21.7849,79.6974,289.8,12.1,2.29,0.54,0.21,32.5,0.617,606.5,42.0,3.67,49.85,3.34,22.7,21.5,gondite_archean,0.517
Goa,15.5049,74.1974,502.1,20.6,1.58,0.267,0.133,26.5,0.445,392.5,6.5,27.21,812.66,2.46,12.9,1.5,laterite,0.098
Odisha,21.1704,86.7765,656.8,20.4,0.47,0.519,0.294,24.2,0.663,991.5,39.7,10.8,686.06,5.91,37.7,12.4,gondite_archean,0.473
Andhra Pradesh,18.7152,84.2341,830.6,18.4,1.6,0.629,0.09,33.2,0.498,545.2,-12.0,0.79,544.47,0.3,16.8,17.6,kodurite_archean,0.376
Odisha,21.2725,83.6068,129.9,29.0,1.21,0.226,0.013,34.3,0.336,889.9,6.6,0.71,359.25,4.56,27.5,37.0,gondite_archean,0.477
Maharashtra,21.4396,79.5326,358.4,28.0,0.96,0.413,-0.253,22.4,0.467,1112.3,30.0,2.3,32.35,4.09,44.9,24.8,gondite_archean,0.5
Jharkhand,23.4758,86.1087,589.4,15.3,0.89,0.364,0.155,22.2,0.63,612.5,75.6,0.82,636.28,0.3,15.9,17.2,archean,0.286
Karnataka,16.003,77.0404,136.2,13.7,1.95,0.452,0.214,32.5,0.496,672.2,45.0,6.85,611.7,3.16,34.6,10.3,archean,0.523
Goa,15.3089,74.2806,824.3,7.7,0.39,0.21,-0.289,23.5,0.206,322.7,14.8,3.07,824.35,0.73,23.1,9.5,laterite,0.092
Madhya Pradesh,24.0712,79.8806,742.8,10.6,0.7,0.6,0.184,37.8,0.345,535.9,21.7,21.36,254.39,6.01,26.3,29.7,gondite_archean,0.492
Odisha,22.2077,85.2684,761.2,11.9,2.71,0.384,-0.293,36.5,0.658,725.8,23.1,23.98,526.52,4.63,35.0,16.3,gondite_archean,0.58
Odisha,20.486,85.8538,701.9,27.9,2.41,0.205,-0.003,22.9,0.309,1134.1,30.7,1.0,606.25,5.54,33.9,18.1,gondite_archean,0.428
Odisha,21.6029,83.7547,757.5,25.0,0.43,0.201,0.292,28.0,0.589,1010.9,26.5,23.54,369.95,3.57,30.1,24.2,gondite_archean,0.535
Karnataka,17.8913,74.9448,494.1,1.4,1.51,0.184,-0.229,23.9,0.673,814.2,41.1,3.76,565.64,3.12,29.2,16.2,archean,0.41
Odisha,21.1616,86.8926,518.5,22.4,2.15,0.423,0.077,31.3,0.562,757.8,62.8,7.74,698.12,3.41,27.8,7.1,gondite_archean,0.426
Madhya Pradesh,21.2721,81.7952,889.0,24.7,1.7,0.336,0.188,33.0,0.649,1075.3,55.9,16.08,177.07,4.33,34.7,18.7,gondite_archean,0.417
Jharkhand,23.6842,86.6767,475.0,15.1,0.97,0.184,0.219,35.0,0.682,963.2,36.6,23.17,698.31,2.41,25.7,11.5,archean,0.357
Jharkhand,23.2123,85.4573,637.4,22.0,1.2,0.218,0.103,30.3,0.534,970.3,33.0,6.58,564.36,4.5,20.5,25.8,archean,0.435
Maharashtra,19.5324,78.7727,111.6,12.9,1.85,0.385,-0.038,36.5,0.724,820.0,-15.9,12.25,182.88,6.62,26.0,10.1,gondite_archean,0.462
Karnataka,18.3702,76.4705,363.0,22.5,0.87,0.196,-0.223,24.0,0.388,757.5,47.5,5.14,413.12,2.62,19.2,22.5,archean,0.317
Odisha,19.7661,83.9222,468.6,8.0,1.22,0.452,0.114,22.6,0.465,882.9,68.5,0.68,449.97,4.35,30.1,26.3,gondite_archean,0.557
Odisha,20.128,84.7967,487.6,22.0,1.23,0.428,0.148,22.6,0.662,582.4,39.1,6.08,514.12,5.76,30.6,15.3,gondite_archean,0.383
Odisha,20.6319,83.5702,357.7,8.2,1.12,0.222,0.234,31.5,0.584,991.1,54.7,5.52,374.65,4.6,26.2,32.7,gondite_archean,0.532
Karnataka,12.8293,75.6351,390.5,23.0,1.8,0.364,0.292,31.7,0.477,612.3,17.3,1.4,995.35,2.19,21.5,13.0,archean,0.33
Karnataka,18.3855,74.9482,418.3,34.0,2.62,0.64,-0.145,24.7,0.42,765.7,34.0,6.51,531.3,0.83,28.4,14.4,archean,0.4
Karnataka,14.7653,76.5304,293.9,4.9,1.91,0.323,0.049,24.5,0.854,337.8,25.1,1.15,759.75,2.47,31.1,15.0,archean,0.423
Maharashtra,20.4891,79.4432,429.5,12.9,2.8,0.648,0.279,24.0,0.424,813.9,40.6,1.6,78.71,4.61,33.4,30.2,gondite_archean,0.554
Odisha,21.8858,84.2057,230.9,6.6,2.48,0.549,0.014,27.7,0.528,969.5,32.1,3.78,415.6,6.19,20.2,19.5,gondite_archean,0.492
Odisha,22.1987,84.8436,534.8,31.8,1.95,0.22,0.264,32.0,0.761,605.0,28.4,12.64,482.83,5.32,45.0,23.3,gondite_archean,0.512
Odisha,20.4352,84.3697,695.2,2.1,1.8,0.607,0.226,27.5,0.714,691.1,27.7,10.25,460.3,3.78,36.6,31.5,gondite_archean,0.53
Odisha,20.5371,84.1356,826.8,20.8,1.32,0.427,0.268,24.5,0.785,816.1,104.5,7.56,433.51,4.64,35.8,25.4,gondite_archean,0.586
Maharashtra,19.3813,79.6526,585.4,15.4,2.26,0.711,0.255,29.2,0.865,884.8,23.7,3.27,198.89,4.33,28.2,10.4,gondite_archean,0.566
Karnataka,14.2552,77.45,461.8,8.6,1.47,0.235,-0.194,30.0,0.529,820.9,24.9,3.6,786.07,5.4,31.9,17.1,archean,0.341
Odisha,22.4906,85.2577,576.3,3.3,2.3,0.276,0.239,25.3,0.868,558.6,73.1,4.65,528.54,1.04,38.9,7.5,gondite_archean,0.45
Andhra Pradesh,18.9192,83.2466,316.6,22.9,1.34,0.165,-0.206,33.5,0.425,492.2,17.5,2.01,451.4,3.14,12.9,13.3,kodurite_archean,0.249
Madhya Pradesh,21.8336,74.7955,294.5,25.6,2.6,0.648,-0.062,32.7,0.481,592.5,-3.3,17.85,450.76,6.79,24.5,29.3,gondite_archean,0.41
Madhya Pradesh,21.9382,78.9932,427.5,19.8,1.42,0.327,0.269,34.2,0.391,974.4,37.6,12.87,88.22,4.03,27.3,24.2,gondite_archean,0.375
Madhya Pradesh,21.9026,75.1148,767.9,34.5,1.67,0.253,-0.137,22.3,0.364,890.4,88.5,14.16,419.6,5.43,29.1,28.9,gondite_archean,0.602
Odisha,22.2432,84.9657,406.5,18.6,0.33,0.25,0.143,23.3,0.682,493.1,52.9,3.95,495.76,3.3,23.3,15.2,gondite_archean,0.492
Madhya Pradesh,22.6662,79.3094,849.5,25.9,0.8,0.169,-0.143,31.5,0.559,648.2,-3.8,11.79,131.55,5.78,27.4,34.4,gondite_archean,0.411
Odisha,21.9573,86.298,655.8,10.3,1.85,0.367,-0.245,36.7,0.777,516.1,32.7,6.25,631.49,4.99,35.1,25.9,gondite_archean,0.555
Maharashtra,21.123,78.9993,491.5,8.5,2.97,0.716,-0.276,33.3,0.658,806.8,49.6,28.34,9.87,4.22,34.1,26.8,gondite_archean,0.583
Karnataka,17.388,74.648,577.0,8.8,0.54,0.196,0.118,27.4,0.524,607.8,32.2,3.03,626.31,4.88,26.3,26.2,archean,0.296
Goa,15.4927,73.9165,119.5,30.6,0.26,0.675,0.017,37.0,0.587,283.3,-3.1,7.9,832.83,0.3,15.3,17.2,laterite,0.271
Odisha,19.8314,84.7412,329.8,11.1,0.85,0.175,-0.289,37.8,0.497,393.3,8.2,9.11,522.13,5.78,30.1,21.7,gondite_archean,0.447
Madhya Pradesh,21.5846,81.9293,285.3,33.1,2.02,0.515,0.008,25.7,0.498,660.2,52.3,3.45,182.32,3.69,36.1,18.0,gondite_archean,0.44
Andhra Pradesh,17.8367,82.9476,529.6,21.2,1.82,0.205,0.226,26.2,0.527,618.7,43.9,6.4,506.75,1.97,14.9,7.3,kodurite_archean,0.199
Maharashtra,20.2397,78.6621,276.1,24.2,0.41,0.661,-0.003,29.7,0.705,848.6,71.5,6.67,110.58,3.03,37.8,19.5,gondite_archean,0.595
Andhra Pradesh,18.8009,83.9167,769.6,24.7,2.1,0.521,0.152,24.5,0.603,435.9,-4.0,10.89,512.85,2.68,17.3,17.2,kodurite_archean,0.324
Odisha,20.3611,85.6592,884.9,22.5,0.93,0.53,0.024,34.5,0.592,699.7,51.9,3.35,590.53,4.56,35.0,23.3,gondite_archean,0.483
Karnataka,16.6031,74.7694,565.7,12.8,1.94,0.177,0.223,37.6,0.543,733.4,15.7,0.2,679.79,5.04,24.7,15.1,archean,0.483
Odisha,22.4914,84.9916,461.1,6.6,2.43,0.566,-0.168,23.3,0.695,1042.1,32.8,23.0,501.46,3.01,42.5,14.5,gondite_archean,0.412
Jharkhand,22.8187,86.7882,284.0,8.2,0.29,0.541,-0.079,35.8,0.437,761.1,28.1,1.64,689.1,3.45,24.7,23.0,archean,0.418
Maharashtra,20.5656,78.7625,126.0,32.3,1.93,0.628,-0.011,23.9,0.605,628.5,4.4,5.41,73.36,4.09,35.1,17.2,gondite_archean,0.542
Karnataka,14.9589,74.5465,158.0,14.3,1.54,0.51,-0.125,33.1,0.442,734.4,40.8,0.32,839.25,1.74,24.8,19.0,archean,0.305
Madhya Pradesh,23.4586,78.4772,107.8,12.1,1.65,0.203,-0.09,22.5,0.539,633.6,43.3,9.36,254.08,3.12,24.2,26.0,gondite_archean,0.509
Odisha,22.3086,83.6819,533.0,25.1,2.64,0.578,0.181,27.4,0.671,802.9,62.2,13.6,365.3,7.2,27.3,34.2,gondite_archean,0.565
Odisha,19.6811,84.3649,227.6,30.6,0.81,0.736,-0.098,24.9,0.634,1005.9,112.5,10.16,494.83,4.37,31.6,22.8,gondite_archean,0.623
Odisha,19.592,84.4019,470.1,30.5,2.24,0.596,-0.045,27.5,0.437,467.6,88.4,10.34,503.09,5.9,31.2,20.8,gondite_archean,0.559
Odisha,21.2771,86.6933,268.5,22.2,1.97,0.59,-0.221,33.5,0.599,721.7,-2.9,16.37,676.12,4.43,36.0,2.1,gondite_archean,0.506
Odisha,20.6732,86.8929,306.5,23.3,1.11,0.614,-0.221,37.5,0.351,468.8,31.6,0.61,706.88,4.6,23.7,29.0,gondite_archean,0.412
Karnataka,13.6166,76.9686,665.4,6.7,0.67,0.172,0.142,32.6,0.666,642.1,37.9,16.22,867.34,4.69,23.5,17.6,archean,0.369
Madhya Pradesh,24.2781,74.3147,197.7,16.4,2.81,0.34,0.004,22.7,0.556,807.9,49.7,16.19,600.65,5.8,10.2,36.6,gondite_archean,0.448
Odisha,19.5899,84.5778,663.7,7.9,2.09,0.732,-0.244,32.8,0.689,747.2,52.1,14.57,519.24,3.31,32.3,24.6,gondite_archean,0.653
Andhra Pradesh,18.3559,82.5608,844.8,24.4,2.09,0.279,0.095,28.3,0.463,355.7,24.2,8.58,436.65,2.12,21.7,19.2,kodurite_archean,0.261
Madhya Pradesh,23.5846,81.0281,423.3,12.1,2.07,0.635,0.157,34.8,0.715,727.7,41.4,0.05,216.67,3.16,21.0,11.9,gondite_archean,0.567
Karnataka,14.9165,75.4502,398.6,8.7,0.4,0.512,0.101,31.9,0.418,210.2,11.7,15.92,792.68,0.3,38.8,9.3,archean,0.196
Madhya Pradesh,22.8676,78.8632,711.9,28.6,2.21,0.723,-0.289,25.1,0.53,858.4,33.7,0.86,180.09,5.22,17.4,21.3,gondite_archean,0.434
Andhra Pradesh,18.3087,83.1226,588.3,25.3,0.96,0.398,-0.227,24.9,0.338,316.2,30.6,5.96,482.99,1.42,21.6,5.8,kodurite_archean,0.239
Jharkhand,22.9671,86.612,540.2,2.5,1.97,0.721,0.061,35.1,0.486,740.2,41.3,4.24,673.86,1.31,14.5,14.1,archean,0.316
Andhra Pradesh,18.1356,83.8351,176.4,22.2,1.46,0.502,-0.199,33.8,0.577,439.2,28.1,0.8,553.03,2.26,18.8,23.7,kodurite_archean,0.415
Odisha,20.6727,85.5807,497.4,34.6,0.58,0.567,-0.057,28.9,0.677,1000.8,46.0,6.91,573.57,3.81,29.1,20.6,gondite_archean,0.477
Odisha,20.565,83.743,515.2,3.3,2.44,0.29,0.024,36.1,0.438,872.5,91.3,3.14,394.1,6.1,24.1,33.7,gondite_archean,0.551
Karnataka,12.3909,76.7492,866.1,7.0,2.13,0.271,0.021,23.5,0.71,598.6,61.7,12.7,1005.27,1.42,18.5,16.8,archean,0.428
Madhya Pradesh,23.1825,74.713,704.2,5.3,2.51,0.619,0.125,22.6,0.577,565.9,16.2,3.57,504.17,2.11,30.6,14.3,gondite_archean,0.298
Madhya Pradesh,22.8049,81.3551,497.6,34.7,2.58,0.275,0.258,23.9,0.507,1013.3,52.6,2.91,164.62,5.28,26.6,16.7,gondite_archean,0.53
Karnataka,18.3415,77.0639,758.0,5.5,2.61,0.704,-0.008,31.7,0.412,529.9,42.0,5.59,377.46,1.62,23.3,14.7,archean,0.346
Odisha,19.9055,86.8709,539.6,33.8,1.41,0.337,0.004,29.0,0.594,621.3,51.9,8.4,726.38,2.83,30.1,32.4,gondite_archean,0.472
Jharkhand,22.4784,85.2845,197.1,11.3,0.48,0.565,-0.263,30.2,0.48,353.1,51.6,7.82,531.1,0.3,27.6,9.4,archean,0.319
Karnataka,14.6918,77.8102,686.9,27.2,0.23,0.4,-0.011,22.3,0.624,500.7,31.5,1.94,730.75,1.55,25.0,23.1,archean,0.367
Karnataka,17.4883,74.8923,490.6,6.1,1.11,0.592,-0.014,28.0,0.403,485.0,-28.1,12.3,599.75,2.13,31.3,14.8,archean,0.436
Odisha,22.0226,83.6345,821.4,16.7,1.98,0.546,0.237,32.2,0.483,813.7,8.6,10.7,357.22,4.58,43.5,23.0,gondite_archean,0.465
Odisha,19.5363,86.8478,690.0,13.0,1.03,0.36,0.165,32.6,0.582,689.7,27.5,0.83,737.85,6.04,35.7,29.0,gondite_archean,0.456
Madhya Pradesh,22.3368,75.6455,197.1,21.9,2.37,0.536,0.018,22.7,0.735,1139.9,57.0,8.55,379.43,5.27,25.4,16.1,gondite_archean,0.474
Karnataka,15.9841,78.2723,292.6,5.1,0.75,0.682,0.087,26.6,0.284,720.8,35.4,14.99,580.85,2.78,26.8,17.3,archean,0.463
Andhra Pradesh,18.5927,84.0529,624.9,7.0,1.73,0.741,0.262,22.7,0.459,492.8,37.1,1.92,538.95,2.95,27.1,17.1,kodurite_archean,0.337
Madhya Pradesh,22.7793,76.3804,552.0,24.4,2.65,0.532,0.157,24.6,0.764,729.9,37.9,2.27,333.0,4.23,22.5,17.9,gondite_archean,0.517
Madhya Pradesh,23.5657,78.9279,250.4,13.1,2.39,0.483,-0.297,34.2,0.386,558.7,27.0,16.74,234.63,3.43,38.0,19.2,gondite_archean,0.447
Karnataka,14.682,77.2825,102.6,22.1,1.2,0.627,-0.244,31.4,0.632,1102.9,21.4,0.54,744.16,5.0,37.1,33.4,archean,0.571
Maharashtra,21.0125,79.0396,760.0,17.9,0.42,0.185,-0.099,34.6,0.674,916.4,-30.9,1.28,16.16,5.54,30.0,8.9,gondite_archean,0.51
Madhya Pradesh,23.5748,81.9868,846.5,22.8,1.38,0.532,0.171,23.9,0.545,1009.5,30.8,3.87,270.74,6.95,36.9,18.6,gondite_archean,0.473
Karnataka,12.1703,74.5968,765.4,10.3,1.65,0.329,0.264,26.1,0.644,621.0,19.6,12.98,1107.02,3.52,18.1,1.5,archean,0.324
Karnataka,16.7418,77.5621,227.1,21.7,0.58,0.601,0.094,37.3,0.733,464.7,6.5,2.27,515.82,2.71,27.3,25.4,archean,0.336
Karnataka,17.0486,74.7615,490.1,2.1,0.38,0.694,-0.216,30.5,0.308,454.7,35.0,6.57,643.98,3.11,15.7,15.3,archean,0.381
Odisha,21.196,85.1238,877.6,21.7,1.18,0.218,-0.209,25.6,0.409,906.6,27.2,6.59,515.84,3.18,31.8,25.0,gondite_archean,0.48
Odisha,21.6235,85.4024,165.4,16.6,1.56,0.249,0.267,35.6,0.506,1182.0,82.6,6.31,539.84,3.16,31.5,16.9,gondite_archean,0.496
Odisha,21.8588,84.2048,306.9,6.6,1.12,0.604,0.012,25.3,0.725,707.9,51.2,4.8,415.48,5.65,30.9,20.7,gondite_archean,0.719
Odisha,21.4703,86.3774,404.3,27.4,2.9,0.272,0.014,26.6,0.604,1053.7,68.1,4.03,641.57,5.2,31.8,28.0,gondite_archean,0.565
Maharashtra,19.7919,80.2144,824.9,10.4,2.95,0.234,-0.179,24.9,0.458,839.6,57.4,1.32,164.13,7.18,27.9,22.2,gondite_archean,0.597
Jharkhand,22.8355,86.9682,634.3,22.6,0.66,0.679,-0.044,24.6,0.524,606.6,73.6,17.68,707.63,3.29,23.2,16.5,archean,0.426
Andhra Pradesh,18.3112,83.9205,351.5,17.0,2.5,0.426,-0.085,29.9,0.435,410.3,41.6,1.53,548.4,3.29,23.0,15.3,kodurite_archean,0.259
Odisha,20.5438,85.0762,699.1,23.1,1.94,0.361,0.205,29.5,0.565,807.1,47.7,3.15,526.52,3.47,28.6,23.4,gondite_archean,0.489
Odisha,22.0111,84.4775,614.3,24.6,1.64,0.333,-0.172,22.5,0.529,985.7,5.5,22.28,443.96,4.96,34.3,26.4,gondite_archean,0.528
Odisha,22.2216,85.8476,548.4,4.8,1.45,0.426,0.219,30.7,0.59,767.3,33.7,0.34,586.11,3.27,33.4,23.3,gondite_archean,0.519
Odisha,22.2323,86.1389,743.9,1.6,2.9,0.586,-0.117,35.3,0.508,911.9,28.7,0.96,616.12,4.98,42.4,20.4,gondite_archean,0.503
Odisha,20.9063,84.5544,578.7,11.1,1.04,0.596,-0.271,36.4,0.611,959.8,61.0,1.64,463.77,4.78,30.8,20.8,gondite_archean,0.54
Odisha,21.9941,85.5964,191.9,4.2,2.75,0.552,0.198,36.1,0.699,910.7,105.6,4.5,559.22,3.65,20.4,25.6,gondite_archean,0.622
Goa,15.3547,74.1035,605.0,21.1,2.17,0.292,0.007,23.7,0.409,50.0,20.2,7.34,831.99,1.69,18.3,18.9,laterite,0.113
Odisha,20.5856,85.1537,136.5,5.8,0.98,0.733,-0.101,29.7,0.583,870.4,7.4,2.64,533.0,4.61,22.7,19.8,gondite_archean,0.427
Andhra Pradesh,18.3581,83.5253,334.8,32.7,1.31,0.202,0.07,23.8,0.482,77.6,16.3,9.69,512.02,3.6,15.4,6.4,kodurite_archean,0.08
Goa,15.5712,74.104,347.5,29.0,2.87,0.643,-0.299,32.2,0.25,449.0,-5.8,9.28,813.26,1.15,12.7,1.5,laterite,0.094
Odisha,20.7568,86.1291,156.8,3.7,1.19,0.715,0.101,32.9,0.701,433.2,43.6,16.55,627.19,5.49,27.7,24.5,gondite_archean,0.421
Odisha,20.7661,84.5326,488.8,20.6,0.32,0.224,0.035,27.5,0.573,951.1,70.6,14.95,465.38,3.66,42.1,13.6,gondite_archean,0.556
Karnataka,17.1284,76.2857,738.7,29.0,2.6,0.7,-0.041,27.1,0.3,894.2,68.4,9.33,535.45,4.01,18.6,16.1,archean,0.343
Goa,15.2767,73.8772,120.4,23.0,1.98,0.354,-0.257,28.6,0.414,642.1,-20.0,7.45,853.99,0.3,14.4,6.8,laterite,0.165
Maharashtra,19.3514,79.4712,122.0,18.2,2.9,0.381,-0.277,22.5,0.428,707.6,-6.7,18.43,203.08,4.04,38.5,19.7,gondite_archean,0.499
Jharkhand,22.5768,86.9223,411.6,14.1,1.15,0.475,-0.208,30.9,0.564,974.6,35.1,14.35,699.48,0.66,18.7,13.5,archean,0.315
Odisha,20.5273,84.4459,873.1,20.0,1.17,0.498,-0.216,29.1,0.535,1246.8,45.7,6.74,464.41,5.67,24.0,25.5,gondite_archean,0.499
Karnataka,15.5297,75.411,871.2,31.9,2.22,0.47,0.222,24.1,0.507,587.6,35.8,12.65,735.65,3.81,22.9,21.6,archean,0.37
Karnataka,17.6131,76.8549,400.3,10.7,0.77,0.607,-0.068,30.2,0.846,606.1,58.6,11.57,457.84,2.56,28.4,19.6,archean,0.422
Andhra Pradesh,18.1587,84.1939,814.5,3.1,2.67,0.419,0.006,32.0,0.452,901.4,10.8,10.26,581.73,1.2,22.1,10.2,kodurite_archean,0.173
Andhra Pradesh,17.9181,82.9214,866.0,1.3,2.99,0.556,0.197,26.7,0.532,653.1,27.3,11.72,498.21,1.43,26.8,22.0,kodurite_archean,0.316
Odisha,20.9629,83.7718,426.0,14.8,0.38,0.359,-0.233,34.9,0.688,786.0,53.6,2.85,383.36,4.5,26.5,26.6,gondite_archean,0.555
Odisha,19.7187,84.9101,336.2,8.9,0.99,0.632,0.258,28.5,0.527,906.7,-0.1,8.18,543.49,4.33,31.8,23.9,gondite_archean,0.554
Odisha,22.166,85.2608,459.5,20.9,1.95,0.193,0.11,25.9,0.403,948.7,52.4,13.04,525.44,5.88,48.0,24.7,gondite_archean,0.489
Odisha,20.9901,84.495,207.1,22.4,0.35,0.599,-0.109,22.0,0.485,783.1,62.3,0.52,455.71,3.16,36.4,15.9,gondite_archean,0.461
Karnataka,13.7576,77.8708,350.7,27.8,2.7,0.41,0.246,28.0,0.484,646.9,78.3,3.92,832.09,4.85,30.7,25.8,archean,0.521
Jharkhand,23.5221,86.9015,662.0,11.1,0.5,0.619,0.086,22.8,0.569,635.0,-42.0,4.9,715.7,3.02,18.7,10.5,archean,0.311
Maharashtra,20.0413,80.1444,780.3,8.2,2.04,0.433,0.228,25.5,0.542,974.2,78.5,2.8,135.65,4.99,28.9,15.9,gondite_archean,0.604
Madhya Pradesh,22.383,79.7057,259.4,31.3,1.0,0.371,-0.265,23.8,0.351,803.8,0.3,0.16,81.18,3.03,26.2,15.0,gondite_archean,0.271
Madhya Pradesh,23.083,74.0794,471.3,33.8,1.65,0.557,-0.113,34.4,0.537,804.2,77.1,29.84,559.07,5.37,31.2,19.5,gondite_archean,0.469
Odisha,20.3799,86.206,514.4,12.8,1.24,0.151,-0.12,32.3,0.64,915.4,-18.4,2.89,644.75,3.28,30.8,10.5,gondite_archean,0.41
Odisha,22.3734,86.7995,728.2,34.7,1.72,0.728,-0.255,27.9,0.759,647.6,23.5,1.21,684.96,6.17,34.7,14.2,gondite_archean,0.538
Andhra Pradesh,18.4539,83.2763,639.3,9.8,1.17,0.7,-0.126,29.5,0.51,634.0,-10.4,25.35,484.86,2.0,10.1,18.3,kodurite_archean,0.353
Odisha,20.3241,86.3244,467.7,19.6,1.41,0.176,-0.201,29.1,0.561,869.6,47.7,2.22,658.3,2.42,34.2,36.2,gondite_archean,0.396
Odisha,21.367,86.9341,252.1,27.9,2.74,0.716,0.276,30.3,0.55,531.3,14.4,8.19,699.96,5.58,25.7,25.3,gondite_archean,0.553
Karnataka,12.0787,74.5362,385.6,32.5,0.84,0.531,-0.167,27.1,0.563,753.9,46.7,0.8,1119.04,2.43,24.7,33.7,archean,0.405
Odisha,20.3667,84.8924,835.6,34.8,0.33,0.607,-0.077,28.3,0.59,810.1,40.9,3.53,514.21,5.26,27.3,27.5,gondite_archean,0.393
Madhya Pradesh,21.8414,75.5327,834.6,4.5,1.62,0.283,-0.277,22.6,0.667,822.8,33.7,2.66,375.97,4.64,31.1,35.8,gondite_archean,0.406
Karnataka,16.932,75.63,382.4,31.4,2.85,0.686,-0.048,34.5,0.477,50.0,39.0,1.65,593.43,1.28,30.4,16.1,archean,0.182
Andhra Pradesh,18.7537,83.1644,654.9,27.2,2.03,0.241,0.226,30.6,0.494,395.4,-24.9,0.31,455.04,2.65,16.8,12.3,kodurite_archean,0.216
Jharkhand,22.4523,85.6084,343.2,8.8,0.2,0.588,0.28,25.6,0.666,824.1,22.5,2.89,563.81,4.47,29.2,12.1,archean,0.398
Karnataka,17.8626,77.7268,887.9,26.6,1.3,0.504,0.097,23.3,0.575,1020.4,38.4,1.46,392.46,3.54,33.5,23.6,archean,0.363
Odisha,21.6433,86.1565,182.0,18.5,1.62,0.372,0.26,35.2,0.69,979.1,58.8,9.49,617.58,4.4,35.4,25.0,gondite_archean,0.579
Odisha,20.536,84.6746,882.8,30.1,2.16,0.586,0.037,37.2,0.486,301.7,36.5,1.42,486.76,5.4,36.5,19.9,gondite_archean,0.465
Andhra Pradesh,17.5171,83.9074,876.2,15.9,0.86,0.573,0.19,30.7,0.688,518.0,10.9,12.88,603.66,2.55,8.0,24.7,kodurite_archean,0.236
Odisha,22.1142,85.8545,737.3,9.5,1.95,0.493,0.2,36.5,0.456,793.9,22.4,2.71,586.21,3.16,23.3,11.3,gondite_archean,0.487
Maharashtra,20.0113,78.6367,727.0,10.7,1.41,0.561,-0.101,22.9,0.625,749.3,73.1,8.0,135.12,5.99,32.1,12.7,gondite_archean,0.518
Odisha,20.329,85.0121,884.3,3.3,1.65,0.258,0.282,23.8,0.591,1082.7,23.1,9.75,527.37,2.1,25.8,11.5,gondite_archean,0.387
Odisha,20.9491,84.4399,330.0,23.3,2.91,0.512,-0.254,23.2,0.55,817.1,43.3,7.82,451.11,3.44,23.6,27.8,gondite_archean,0.518
Maharashtra,20.525,79.1258,316.9,21.3,2.63,0.718,-0.236,24.5,0.422,737.0,45.3,7.09,69.59,5.86,41.3,20.4,gondite_archean,0.557
Madhya Pradesh,21.8859,77.602,866.1,14.6,2.55,0.263,0.103,37.6,0.456,751.8,46.3,4.55,174.32,4.75,25.0,10.8,gondite_archean,0.551
Madhya Pradesh,21.8471,79.7124,173.1,7.8,2.66,0.593,-0.292,26.0,0.726,640.3,16.6,2.28,48.55,4.41,23.3,26.8,gondite_archean,0.605
Maharashtra,19.2029,80.403,770.8,28.4,2.5,0.71,0.027,25.2,0.73,916.3,42.3,0.57,232.42,6.73,38.4,20.5,gondite_archean,0.647
Odisha,20.6053,86.6337,633.2,27.8,1.47,0.528,-0.151,33.3,0.844,456.9,-12.5,8.38,682.04,3.79,36.6,19.3,gondite_archean,0.455
Karnataka,15.2671,74.7247,492.9,32.5,0.5,0.609,-0.054,32.5,0.436,561.5,42.4,17.08,800.16,1.65,28.5,25.8,archean,0.348
Karnataka,13.6247,76.56,528.4,13.1,1.19,0.647,0.174,26.9,0.447,430.9,-5.3,5.64,878.71,2.7,20.0,20.2,archean,0.504
Odisha,22.0765,85.8693,770.3,30.2,2.3,0.414,0.066,24.6,0.441,887.0,12.5,1.0,587.58,5.47,37.3,28.4,gondite_archean,0.417
Odisha,19.5574,84.0801,812.7,9.2,1.19,0.213,-0.167,30.3,0.567,496.5,53.4,0.48,476.2,2.71,28.0,29.1,gondite_archean,0.565
Karnataka,14.7881,76.6636,657.1,24.9,0.68,0.45,-0.053,35.9,0.586,1103.8,35.1,1.0,752.46,1.81,19.7,16.1,archean,0.335
Karnataka,17.8219,75.3173,506.2,15.3,0.25,0.626,-0.259,29.6,0.598,1065.7,52.8,9.33,541.56,3.36,35.7,21.6,archean,0.496
Andhra Pradesh,18.2276,83.1673,733.2,16.3,0.71,0.663,0.23,29.5,0.448,370.4,9.9,6.24,492.52,3.42,16.1,18.5,kodurite_archean,0.33
Karnataka,18.4817,76.7362,356.9,8.5,1.18,0.374,-0.259,27.9,0.461,1012.3,21.7,8.55,385.55,3.85,18.3,17.6,archean,0.372
Andhra Pradesh,18.6592,83.5968,153.2,27.1,1.83,0.619,0.151,34.8,0.333,521.5,43.7,10.85,498.16,4.18,17.0,13.6,kodurite_archean,0.3
Goa,15.607,74.0986,623.3,31.2,1.82,0.529,-0.206,29.6,0.496,222.4,32.9,1.81,810.56,0.3,13.3,4.4,laterite,0.079
Goa,15.4056,73.894,161.6,24.7,1.27,0.643,0.096,34.7,0.551,200.3,12.1,8.09,841.8,1.43,10.9,1.5,laterite,0.193
Odisha,21.2859,84.4262,629.6,28.7,2.38,0.607,-0.187,23.4,0.446,590.1,74.3,4.53,442.86,4.95,22.0,22.7,gondite_archean,0.468
Karnataka,17.8365,78.0525,360.2,31.6,2.99,0.645,0.207,26.0,0.435,685.1,57.8,13.15,384.16,1.95,19.0,17.3,archean,0.367
Maharashtra,20.4155,79.1256,623.5,8.9,0.24,0.609,0.074,34.2,0.544,994.3,88.9,7.84,81.76,4.82,40.6,23.0,gondite_archean,0.605
Maharashtra,20.1057,79.9148,411.4,8.8,1.87,0.707,0.257,27.5,0.384,808.2,66.4,10.04,121.51,5.21,30.7,22.9,gondite_archean,0.648
Maharashtra,19.9328,80.3834,233.9,18.0,2.13,0.568,0.089,26.4,0.499,860.8,12.9,7.32,157.34,5.23,29.0,35.9,gondite_archean,0.468
Andhra Pradesh,17.7546,82.5383,723.3,21.7,2.16,0.653,0.182,37.4,0.352,1122.4,-10.8,6.8,485.68,1.79,22.0,15.6,kodurite_archean,0.396
Karnataka,12.3379,74.627,438.7,3.9,1.9,0.679,0.23,32.5,0.709,745.8,20.3,17.38,1088.75,3.82,20.3,25.3,archean,0.365
Jharkhand,22.0601,86.7947,598.1,34.1,1.5,0.658,-0.263,27.4,0.561,721.7,12.1,1.89,682.86,2.77,20.9,8.2,archean,0.333
Odisha,19.9418,86.9058,707.4,33.9,1.43,0.317,0.179,27.2,0.526,577.0,19.4,1.11,728.62,3.5,23.6,18.8,gondite_archean,0.42
Odisha,21.9271,84.0142,374.1,30.4,0.63,0.2,-0.009,26.8,0.722,836.4,44.3,5.63,395.92,3.12,33.5,15.0,gondite_archean,0.463
Odisha,20.8788,84.5726,757.9,2.9,1.37,0.425,0.135,31.2,0.347,1005.9,55.4,15.86,466.32,5.01,19.8,20.0,gondite_archean,0.509
Odisha,20.9682,86.0957,494.1,17.4,2.55,0.367,0.216,28.5,0.497,387.1,26.1,1.75,619.42,4.95,42.8,33.4,gondite_archean,0.61
Odisha,21.158,84.8026,629.3,5.8,1.8,0.261,-0.133,25.5,0.541,868.4,27.6,2.69,483.59,3.06,32.7,30.5,gondite_archean,0.433
Karnataka,12.5656,76.7271,776.1,28.1,0.69,0.554,-0.168,25.5,0.477,767.8,36.2,7.9,987.03,3.49,21.3,22.2,archean,0.263
Odisha,20.9584,86.7226,132.0,10.9,0.78,0.293,0.245,29.5,0.49,1098.2,33.3,1.34,683.82,0.93,28.4,18.3,gondite_archean,0.52
Andhra Pradesh,17.7561,82.5609,263.6,12.6,1.63,0.519,0.246,30.2,0.392,510.4,18.2,4.61,487.03,1.53,18.0,19.0,kodurite_archean,0.241
Odisha,19.6488,86.0361,189.3,21.7,0.99,0.254,-0.072,34.8,0.509,1065.8,23.0,1.07,654.24,3.55,35.9,26.8,gondite_archean,0.593
Goa,15.3099,73.8331,115.3,29.1,1.67,0.615,-0.159,27.5,0.501,459.2,27.0,9.08,854.16,0.3,23.2,3.8,laterite,0.145
Odisha,22.3901,83.536,672.8,25.0,1.94,0.744,-0.113,27.4,0.675,758.3,18.4,2.42,351.93,5.8,28.6,26.5,gondite_archean,0.506
Odisha,19.7771,84.0698,576.2,6.1,2.91,0.418,0.001,25.9,0.809,705.5,59.0,6.9,462.68,5.56,25.7,34.2,gondite_archean,0.584
Goa,15.7273,73.9569,652.8,10.2,0.73,0.261,-0.095,28.9,0.412,465.9,52.4,2.72,810.22,0.3,17.6,1.5,laterite,0.293
Odisha,19.8497,85.4134,821.9,12.7,2.25,0.545,0.259,35.1,0.789,942.0,33.0,3.17,585.49,5.62,30.7,22.7,gondite_archean,0.468
Odisha,22.4417,84.2514,153.8,21.2,2.27,0.169,0.095,30.5,0.849,431.1,53.0,22.29,425.41,2.02,26.2,19.1,gondite_archean,0.527
Odisha,21.3419,84.385,562.1,13.2,2.51,0.642,-0.014,27.6,0.698,676.3,11.4,0.71,437.79,3.67,22.3,2.2,gondite_archean,0.406
Karnataka,17.2546,77.7945,407.7,16.6,1.05,0.71,-0.229,36.9,0.586,727.2,77.7,0.27,453.99,0.3,21.2,22.2,archean,0.355
Jharkhand,23.1244,86.4295,154.8,15.2,0.53,0.518,0.263,32.6,0.494,533.9,-25.8,14.35,658.79,4.49,24.6,27.4,archean,0.276
Odisha,20.5647,84.9461,640.7,23.4,0.4,0.387,-0.191,24.5,0.475,540.0,31.1,16.92,512.86,2.53,33.3,34.3,gondite_archean,0.431
Jharkhand,22.4409,86.7724,847.4,32.2,1.98,0.528,-0.058,34.0,0.759,730.2,69.5,13.92,682.75,2.35,23.4,17.3,archean,0.49
Karnataka,14.4638,78.1602,300.9,29.7,1.56,0.458,-0.115,31.2,0.537,614.9,26.7,2.54,749.95,2.88,27.6,13.0,archean,0.445
Maharashtra,21.0136,80.3935,420.2,27.6,0.94,0.744,-0.285,31.7,0.714,997.5,49.5,2.02,79.07,3.0,37.0,8.9,gondite_archean,0.491
Odisha,20.7544,86.1505,818.4,3.9,1.3,0.21,-0.29,32.6,0.526,553.5,47.0,2.13,629.42,5.14,29.3,21.0,gondite_archean,0.498
Odisha,19.6182,85.5088,414.3,2.0,1.83,0.157,0.172,26.9,0.572,679.2,47.0,6.29,604.96,4.4,37.1,14.9,gondite_archean,0.49
Karnataka,15.5741,74.7023,440.9,29.3,2.46,0.285,-0.164,35.1,0.488,262.9,13.5,16.36,773.68,0.3,22.9,11.7,archean,0.158
Madhya Pradesh,21.5648,78.576,744.3,26.8,0.63,0.24,-0.139,27.8,0.764,607.0,77.6,1.72,70.43,3.38,19.7,27.4,gondite_archean,0.448
Karnataka,13.5635,77.1895,760.9,23.9,2.51,0.388,-0.206,33.8,0.43,940.3,0.3,2.52,867.32,4.16,36.1,16.1,archean,0.437
Karnataka,16.026,76.1448,442.0,12.2,1.78,0.66,-0.179,37.0,0.631,768.6,65.5,0.13,648.76,3.38,19.4,14.3,archean,0.382
Andhra Pradesh,17.6543,82.7519,883.3,23.9,2.57,0.345,0.106,31.5,0.57,834.7,39.7,6.85,508.53,0.3,16.6,11.9,kodurite_archean,0.306
Maharashtra,19.5833,79.7507,697.7,8.4,0.37,0.229,0.064,35.6,0.526,357.0,33.2,5.01,176.74,5.19,27.9,35.4,gondite_archean,0.372
Odisha,21.4915,86.8786,140.3,31.3,1.82,0.488,0.0,23.1,0.583,819.3,18.5,3.34,693.12,4.28,36.0,25.1,gondite_archean,0.445
Odisha,21.0764,85.9424,820.2,27.9,2.09,0.558,0.268,26.7,0.638,552.5,68.7,0.13,601.78,6.76,26.0,30.2,gondite_archean,0.574
Karnataka,12.8747,74.8777,765.2,32.2,2.02,0.212,-0.059,33.7,0.753,584.5,35.7,0.0,1023.16,1.81,33.2,27.2,archean,0.404
Jharkhand,23.1315,86.0289,168.0,19.7,1.26,0.514,-0.067,25.8,0.486,536.2,28.0,6.07,618.92,3.36,29.7,21.4,archean,0.307
Karnataka,16.3713,77.2288,352.2,5.5,1.97,0.227,0.047,33.1,0.391,867.1,49.3,16.5,566.32,5.29,25.1,10.7,archean,0.406
Odisha,20.3536,85.0506,593.7,29.9,0.75,0.225,0.278,23.7,0.867,651.6,17.1,0.47,530.29,4.61,32.6,15.7,gondite_archean,0.376
Madhya Pradesh,23.8702,74.3326,498.5,24.4,0.91,0.335,0.068,36.4,0.591,849.0,70.6,10.48,574.65,6.32,19.5,12.4,gondite_archean,0.476
Maharashtra,20.3912,79.2172,829.1,1.7,1.08,0.184,0.16,33.2,0.707,545.0,74.0,4.84,85.41,3.75,38.4,21.0,gondite_archean,0.489
Madhya Pradesh,24.3926,77.0227,149.6,12.5,1.62,0.247,0.095,38.0,0.519,367.0,21.3,4.1,418.22,2.17,19.5,17.0,gondite_archean,0.475
Madhya Pradesh,21.2151,80.5098,852.4,23.1,2.87,0.241,-0.014,31.6,0.344,1078.1,17.6,3.98,73.45,4.03,30.6,16.9,gondite_archean,0.602
Andhra Pradesh,18.3655,83.191,742.4,19.4,0.42,0.49,0.245,28.3,0.613,355.9,5.8,1.31,484.25,4.76,11.4,20.5,kodurite_archean,0.357
Andhra Pradesh,17.6203,83.4537,604.1,29.2,2.39,0.316,0.265,24.0,0.537,347.3,14.3,5.81,561.14,1.56,23.8,17.9,kodurite_archean,0.223
Andhra Pradesh,18.9258,82.5441,886.0,3.9,2.48,0.318,-0.221,29.0,0.716,257.1,55.0,0.45,391.98,3.29,20.9,8.0,kodurite_archean,0.255
Karnataka,12.3144,77.782,761.1,21.0,1.19,0.63,0.033,35.2,0.669,774.7,-9.2,25.35,992.28,5.27,38.7,25.2,archean,0.465
Madhya Pradesh,21.6469,74.4767,583.5,27.0,1.67,0.286,0.1,23.3,0.407,536.7,33.1,1.63,480.78,3.88,20.1,21.1,gondite_archean,0.367
Karnataka,15.1414,76.0311,771.3,5.9,1.62,0.187,-0.257,31.2,0.642,695.4,42.5,0.4,742.11,3.09,26.2,9.6,archean,0.349
Goa,15.6737,73.9483,161.8,6.8,0.56,0.224,0.011,25.9,0.456,483.8,12.9,1.23,815.32,2.77,8.0,15.1,laterite,0.256
Karnataka,15.1827,76.1618,119.2,12.4,0.7,0.209,0.274,31.6,0.41,886.9,-6.0,0.82,732.03,2.26,28.1,15.3,archean,0.366
Karnataka,17.9958,74.7909,324.5,12.9,2.39,0.746,-0.156,36.0,0.752,560.8,43.7,4.08,570.79,3.42,24.7,22.5,archean,0.4
Karnataka,16.7507,76.18,562.7,29.3,2.45,0.67,-0.264,33.1,0.49,446.0,-26.5,5.87,576.97,4.44,19.3,30.4,archean,0.328
Maharashtra,20.2095,79.3368,386.2,21.2,1.81,0.247,-0.017,30.9,0.419,500.6,46.9,10.85,107.68,4.44,33.3,24.3,gondite_archean,0.546
Odisha,21.5849,85.4859,737.0,26.0,1.91,0.443,-0.22,26.2,0.777,485.2,-7.8,0.05,548.7,4.66,20.4,21.8,gondite_archean,0.47
Odisha,20.9149,83.82,600.5,19.7,1.34,0.463,0.238,25.1,0.575,967.2,43.0,7.27,389.57,4.11,39.3,24.2,gondite_archean,0.53
Madhya Pradesh,21.6327,76.1504,258.9,9.4,1.06,0.483,0.053,28.8,0.473,820.0,1.2,2.66,309.04,4.62,35.0,19.2,gondite_archean,0.525
Goa,15.0161,73.8769,808.9,16.6,1.78,0.548,0.107,36.9,0.512,549.9,0.5,0.4,876.61,1.94,16.6,1.5,laterite,0.148
Odisha,22.0773,85.2502,639.9,9.1,2.32,0.606,-0.112,28.6,0.627,817.5,63.5,11.61,523.84,3.59,25.5,20.0,gondite_archean,0.565
Madhya Pradesh,21.7239,78.0356,349.8,15.5,2.01,0.597,-0.161,28.5,0.667,613.3,22.4,12.24,126.41,4.19,32.1,25.0,gondite_archean,0.506
Andhra Pradesh,17.7742,84.4126,401.3,12.5,0.37,0.442,-0.235,26.0,0.589,392.6,7.4,15.65,625.9,3.13,22.1,20.9,kodurite_archean,0.284
Goa,15.546,73.9658,500.5,23.0,1.63,0.222,-0.113,34.8,0.341,394.2,18.1,8.69,824.89,2.45,21.5,6.0,laterite,0.183
Andhra Pradesh,17.6975,83.9101,693.6,24.0,0.91,0.674,-0.199,22.9,0.446,871.3,8.0,1.47,590.38,3.56,20.8,25.6,kodurite_archean,0.359
Karnataka,15.928,76.3436,763.0,29.2,2.19,0.213,0.203,32.7,0.418,464.3,64.0,16.91,648.78,2.26,27.1,25.5,archean,0.334
Odisha,22.3842,85.8771,605.1,10.2,0.9,0.715,-0.121,34.4,0.437,719.4,39.0,29.76,590.52,4.16,22.8,12.8,gondite_archean,0.445
Karnataka,17.7194,76.5221,506.2,5.7,2.95,0.3,-0.256,32.6,0.264,349.3,72.4,4.39,466.89,2.19,28.6,22.5,archean,0.413
Karnataka,14.9772,75.5266,701.7,18.4,1.1,0.508,0.297,29.0,0.493,784.0,-6.4,0.0,782.84,2.47,20.8,22.6,archean,0.374
Karnataka,12.7744,76.5496,379.1,13.7,1.94,0.581,-0.234,22.6,0.54,638.7,17.5,12.97,969.64,2.1,13.3,19.7,archean,0.453
Andhra Pradesh,18.7991,82.5198,722.4,16.7,2.97,0.44,0.292,34.1,0.5,184.9,24.0,3.39,399.28,1.47,23.7,13.1,kodurite_archean,0.293
Odisha,20.4235,84.3441,286.9,3.3,0.72,0.483,-0.125,28.7,0.5,964.0,30.9,18.86,458.24,1.8,30.9,20.9,gondite_archean,0.423
Odisha,20.4612,84.075,726.5,5.2,1.98,0.224,-0.258,36.6,0.618,686.4,18.3,24.89,430.52,4.61,34.9,19.1,gondite_archean,0.449
Odisha,21.0353,86.193,847.8,31.9,2.49,0.683,-0.18,26.5,0.531,609.6,1.8,4.0,628.18,2.92,32.4,15.8,gondite_archean,0.465
Karnataka,15.2717,77.6858,691.6,22.9,0.64,0.478,-0.248,28.0,0.46,641.1,25.4,0.35,670.23,3.54,22.7,10.7,archean,0.335
Jharkhand,22.7632,86.5505,374.1,22.3,0.74,0.238,0.263,36.7,0.552,715.8,50.3,13.21,664.11,2.74,18.8,26.3,archean,0.278
Karnataka,12.9653,76.8859,751.5,14.0,0.57,0.268,-0.158,26.8,0.662,994.8,4.2,13.9,939.71,4.83,24.2,9.0,archean,0.345
Odisha,22.1511,84.7003,647.1,1.9,2.13,0.34,-0.267,31.8,0.619,659.2,3.8,0.67,467.72,3.91,26.7,22.0,gondite_archean,0.417
Odisha,20.423,86.7412,229.4,33.8,0.78,0.595,0.028,36.2,0.745,1262.8,26.6,19.86,697.54,3.94,24.8,11.7,gondite_archean,0.45
Jharkhand,23.4759,86.1949,804.7,2.7,0.92,0.429,-0.164,33.9,0.663,631.4,48.5,3.35,644.73,2.92,25.2,3.6,archean,0.371
Goa,15.4552,74.1811,749.4,12.6,1.41,0.659,-0.082,34.7,0.459,534.3,29.2,14.92,818.07,2.31,14.7,6.1,laterite,0.306
Karnataka,16.8683,75.9279,607.8,7.3,2.3,0.477,-0.178,26.7,0.407,636.7,70.4,1.95,580.62,2.89,28.4,25.6,archean,0.408
Madhya Pradesh,23.4755,76.0174,457.4,5.2,0.78,0.151,-0.276,37.6,0.65,542.5,42.9,1.33,408.34,6.08,31.6,32.7,gondite_archean,0.542
Jharkhand,23.1471,85.6833,618.8,3.3,2.71,0.222,-0.103,35.1,0.611,330.9,66.4,5.13,584.92,2.46,27.5,22.8,archean,0.396
Odisha,20.791,84.0792,665.3,19.2,1.98,0.268,-0.173,22.7,0.636,404.7,48.7,4.57,419.24,5.64,31.7,27.4,gondite_archean,0.439
Karnataka,15.4611,76.7577,580.5,6.7,1.26,0.52,0.282,33.6,0.564,675.4,31.9,7.17,678.76,3.74,18.8,28.5,archean,0.488
Karnataka,15.4363,75.8378,515.5,7.7,2.45,0.261,-0.249,29.0,0.429,1046.5,39.9,3.41,722.09,0.79,12.7,19.2,archean,0.212
Goa,15.0096,74.0764,692.5,17.5,0.44,0.733,0.011,31.8,0.402,400.0,-30.3,4.49,864.1,0.87,21.8,7.2,laterite,0.1
Maharashtra,19.1549,79.6536,195.4,2.2,0.35,0.65,-0.229,22.7,0.701,737.5,25.4,0.33,224.07,2.45,47.3,12.0,gondite_archean,0.399
Karnataka,12.6931,75.9672,179.6,27.1,2.91,0.732,0.219,31.6,0.614,447.2,53.7,7.97,997.19,1.5,8.1,13.3,archean,0.404
Karnataka,18.0102,74.7249,488.5,32.0,1.91,0.478,-0.15,27.5,0.543,889.0,5.3,0.13,575.28,3.05,24.5,21.8,archean,0.339
Maharashtra,21.3314,79.6513,200.9,20.8,2.35,0.394,0.228,32.4,0.582,830.1,58.6,1.13,17.95,3.21,30.5,23.3,gondite_archean,0.572
Maharashtra,19.7524,78.8681,705.2,17.1,0.83,0.52,-0.276,27.2,0.419,759.0,31.1,11.72,157.11,4.03,44.4,8.6,gondite_archean,0.558
Goa,15.0694,74.0692,830.6,14.2,2.52,0.23,0.261,34.0,0.413,453.4,20.0,3.61,859.28,1.35,19.3,15.6,laterite,0.114
Maharashtra,21.3235,78.9096,738.4,26.1,0.38,0.382,-0.13,26.9,0.705,681.4,64.8,1.59,26.87,4.26,41.2,16.6,gondite_archean,0.672
Karnataka,16.8254,75.4133,146.8,11.2,1.53,0.251,-0.087,28.4,0.336,683.9,12.9,17.26,616.91,3.4,18.5,12.8,archean,0.405
Maharashtra,20.0268,79.5093,105.9,24.5,2.05,0.173,-0.079,37.7,0.568,237.4,44.8,6.98,127.96,5.13,36.6,24.2,gondite_archean,0.368
Karnataka,18.2836,77.2887,166.6,30.3,1.55,0.191,0.03,28.7,0.204,610.0,36.8,14.01,370.31,2.16,25.6,19.1,archean,0.335
Odisha,20.9082,86.5025,343.9,7.6,0.56,0.329,0.168,29.5,0.488,682.5,49.9,3.36,662.18,4.27,31.3,24.1,gondite_archean,0.578
Jharkhand,22.1004,85.1934,676.4,10.6,0.72,0.174,-0.287,34.4,0.479,640.4,1.1,7.45,518.11,2.46,21.6,21.8,archean,0.325
Karnataka,15.481,76.4079,411.4,31.2,2.7,0.351,0.069,36.8,0.521,772.2,-14.7,25.53,690.96,2.52,26.6,11.4,archean,0.259
Karnataka,18.4922,74.7199,562.8,3.8,0.63,0.414,0.006,26.1,0.404,543.8,22.3,2.89,544.3,4.04,13.9,19.3,archean,0.366
Odisha,20.2729,85.0748,654.3,25.9,2.99,0.323,0.023,30.5,0.419,712.9,101.2,2.06,535.59,4.45,42.6,24.9,gondite_archean,0.552
Madhya Pradesh,22.2984,80.1772,236.4,14.1,1.17,0.409,0.169,29.7,0.561,851.1,72.6,3.35,55.42,3.73,31.8,22.2,gondite_archean,0.455
Odisha,19.5273,85.769,508.9,16.1,2.91,0.493,0.218,24.2,0.687,819.8,79.2,3.72,633.96,5.31,30.8,15.8,gondite_archean,0.597
Odisha,22.4002,86.8535,298.1,12.8,2.71,0.73,-0.034,27.1,0.526,1170.2,45.2,2.56,690.71,4.33,28.3,12.5,gondite_archean,0.456
Karnataka,14.0848,75.269,347.6,34.1,1.35,0.417,0.046,37.7,0.613,437.9,47.8,0.74,883.69,4.99,22.4,20.3,archean,0.489
Odisha,22.0249,83.6062,775.1,16.7,0.81,0.23,0.272,23.2,0.633,666.7,10.4,7.75,354.33,3.13,32.2,15.1,gondite_archean,0.37
Odisha,20.7334,85.9641,274.0,13.5,1.29,0.736,0.273,34.8,0.424,601.4,76.7,15.63,610.94,4.54,28.9,29.0,gondite_archean,0.434
Odisha,21.6047,83.5344,427.3,12.2,2.14,0.61,-0.118,35.0,0.695,686.9,-6.3,10.39,347.23,5.39,24.5,27.3,gondite_archean,0.48
Odisha,21.7554,85.4889,319.7,17.1,1.13,0.498,0.233,31.1,0.599,1235.6,-10.7,1.6,548.19,4.39,19.2,22.3,gondite_archean,0.457
Odisha,22.2832,86.537,666.1,4.6,2.37,0.635,0.161,23.8,0.359,987.0,49.5,6.89,657.35,3.72,44.0,18.3,gondite_archean,0.519
Madhya Pradesh,21.2851,77.4801,334.1,19.5,0.57,0.565,0.177,24.6,0.569,990.8,14.2,8.39,167.55,4.4,28.5,23.2,gondite_archean,0.451
Odisha,19.6479,84.4012,208.5,9.8,1.28,0.716,0.066,35.4,0.584,655.3,46.9,10.65,499.94,5.59,23.3,15.7,gondite_archean,0.427
Goa,15.0197,74.1483,680.3,29.4,2.93,0.735,-0.261,35.1,0.6,684.2,18.4,32.36,858.57,0.37,17.2,12.9,laterite,0.198
Andhra Pradesh,18.5522,83.4187,144.1,15.5,1.51,0.707,0.085,27.0,0.424,360.6,17.9,28.77,489.92,1.74,8.0,26.6,kodurite_archean,0.154
Maharashtra,20.7883,79.0363,352.5,5.3,2.04,0.174,0.059,35.9,0.545,973.5,18.3,8.89,40.6,4.4,31.0,26.9,gondite_archean,0.577
Andhra Pradesh,17.8648,83.6011,254.0,4.5,2.75,0.642,0.156,22.8,0.437,467.5,46.3,3.35,553.61,1.06,20.3,20.4,kodurite_archean,0.37
Odisha,20.0647,84.1449,145.6,21.0,2.55,0.16,-0.271,31.2,0.495,978.6,65.8,2.56,454.71,2.28,38.5,34.9,gondite_archean,0.551
Odisha,20.5574,83.9414,203.9,24.0,2.6,0.728,0.077,24.9,0.7,1153.4,69.5,12.17,413.73,5.6,34.5,18.8,gondite_archean,0.628
Madhya Pradesh,22.0996,81.6638,126.7,20.7,0.67,0.577,-0.194,25.8,0.664,777.7,26.9,11.38,156.61,4.01,32.9,22.0,gondite_archean,0.521
Odisha,19.9703,85.892,574.9,26.7,1.07,0.419,-0.057,37.7,0.445,573.9,12.3,3.5,627.26,2.44,33.9,20.5,gondite_archean,0.437
Goa,15.0828,74.1283,825.6,6.7,2.91,0.422,0.267,32.8,0.329,301.9,-4.7,1.24,854.25,1.14,16.9,1.5,laterite,0.108
Odisha,21.4303,84.1901,178.1,6.7,2.79,0.643,-0.088,32.5,0.601,1174.6,48.8,9.18,416.57,2.7,36.0,21.6,gondite_archean,0.495
Goa,15.4556,74.2162,893.3,6.6,2.14,0.555,0.288,37.8,0.309,578.9,5.1,12.14,815.7,1.68,16.7,12.4,laterite,0.113
Karnataka,14.0174,77.5485,848.9,33.0,0.69,0.675,0.142,26.0,0.753,634.5,22.9,19.46,809.74,4.81,30.1,25.1,archean,0.373
Odisha,20.626,85.6936,216.9,29.0,0.86,0.541,-0.057,31.5,0.531,866.9,21.2,8.7,586.22,3.4,40.1,22.1,gondite_archean,0.449
Odisha,21.9479,84.8241,170.7,12.6,2.95,0.528,-0.05,24.7,0.524,712.3,34.1,0.47,479.49,4.77,25.5,22.0,gondite_archean,0.518
Andhra Pradesh,18.1688,83.9172,685.5,6.9,1.21,0.532,-0.258,27.8,0.487,512.0,50.4,4.53,557.6,2.06,22.2,26.2,kodurite_archean,0.291
Madhya Pradesh,23.2051,77.3391,215.4,4.2,0.25,0.674,-0.158,25.4,0.672,604.9,67.1,5.64,291.06,6.37,24.5,22.4,gondite_archean,0.51
Karnataka,15.3671,74.5299,438.1,25.4,1.44,0.589,-0.16,35.0,0.357,742.9,44.8,14.17,803.17,1.29,15.8,15.2,archean,0.356
Karnataka,15.1714,75.317,601.4,13.2,2.99,0.438,-0.008,31.1,0.621,1009.7,19.0,7.06,775.03,1.19,24.9,7.7,archean,0.351
Goa,15.2683,74.2761,526.4,22.5,1.72,0.228,-0.075,23.6,0.331,841.4,-7.7,1.44,828.23,2.39,22.3,5.9,laterite,0.153
Karnataka,12.5474,78.4383,633.1,10.7,1.84,0.216,0.28,24.8,0.72,408.4,47.1,10.11,959.07,3.9,31.7,25.0,archean,0.41
Odisha,20.4927,84.369,890.4,14.2,2.25,0.561,-0.173,25.8,0.482,459.0,6.6,0.06,458.08,2.88,37.1,25.7,gondite_archean,0.426
Maharashtra,20.5407,78.5897,598.0,11.5,1.23,0.612,0.187,28.4,0.536,755.4,53.1,11.82,85.4,5.74,34.1,17.7,gondite_archean,0.575
Andhra Pradesh,18.7752,83.0783,861.8,2.7,0.62,0.473,0.045,32.3,0.475,455.3,21.8,13.84,446.37,2.87,19.9,14.9,kodurite_archean,0.247
Odisha,21.5533,85.2613,712.1,17.5,0.62,0.539,-0.197,36.0,0.18,563.2,47.3,26.23,525.75,3.47,31.6,12.4,gondite_archean,0.44
Andhra Pradesh,18.7267,84.4579,501.5,16.5,2.31,0.229,0.028,30.7,0.45,344.7,31.4,1.1,561.99,1.72,16.5,19.1,kodurite_archean,0.136
Maharashtra,19.5842,79.7784,288.5,25.3,2.65,0.226,0.22,31.5,0.714,740.0,12.7,1.4,176.84,5.84,39.1,22.1,gondite_archean,0.443
Andhra Pradesh,18.9042,83.527,860.2,19.2,1.3,0.659,-0.004,29.6,0.615,503.2,8.3,3.24,474.76,3.72,36.2,14.9,kodurite_archean,0.375
Karnataka,14.1713,74.9273,291.1,33.3,1.05,0.251,-0.024,26.9,0.442,649.6,25.4,6.28,892.4,0.33,29.5,22.5,archean,0.324
Karnataka,13.6785,75.4739,466.2,26.8,0.78,0.576,-0.287,28.7,0.439,891.1,-5.9,10.84,914.96,3.39,26.9,17.3,archean,0.449
Karnataka,17.8884,75.0065,242.8,17.8,0.43,0.268,0.266,37.6,0.415,796.0,23.8,6.3,560.9,4.2,18.8,25.1,archean,0.288
Odisha,19.8409,83.5137,899.6,28.3,2.4,0.456,-0.12,24.4,0.46,490.2,44.6,0.65,409.25,6.58,35.5,21.0,gondite_archean,0.562
Karnataka,14.3508,74.9336,800.7,27.6,0.67,0.457,-0.008,32.0,0.584,682.1,44.2,6.22,874.66,4.13,30.8,19.9,archean,0.41
Odisha,20.4035,84.3714,397.8,9.7,1.57,0.394,0.292,22.9,0.496,810.2,39.5,5.99,461.68,6.13,23.9,23.6,gondite_archean,0.442
Madhya Pradesh,21.7354,74.9307,876.1,1.7,2.45,0.623,-0.122,24.2,0.438,869.0,18.4,8.24,435.36,3.39,30.5,26.4,gondite_archean,0.435
Odisha,19.7176,85.9615,422.0,32.3,2.02,0.204,0.269,26.1,0.438,442.6,38.3,1.05,644.12,3.65,21.3,14.2,gondite_archean,0.427
Odisha,20.5997,84.8067,221.1,28.1,2.18,0.264,-0.08,23.7,0.632,600.8,46.0,34.11,497.85,3.83,39.4,27.8,gondite_archean,0.465
Madhya Pradesh,21.6107,77.0296,774.5,22.9,2.02,0.67,0.236,36.7,0.572,600.2,60.0,7.47,219.4,5.55,30.3,18.5,gondite_archean,0.486
Karnataka,13.1309,75.8499,114.5,14.6,1.74,0.522,0.098,35.4,0.549,586.5,21.9,15.26,955.71,3.0,32.5,25.9,archean,0.3
Karnataka,18.0344,74.7625,539.5,21.1,2.03,0.303,-0.081,35.5,0.579,568.7,67.0,10.0,570.48,3.47,27.1,9.3,archean,0.371
Jharkhand,22.9044,85.2856,411.5,33.4,1.1,0.671,0.229,27.6,0.647,704.4,18.5,2.99,539.19,2.62,30.7,29.7,archean,0.416
Karnataka,14.8803,76.0048,393.9,18.9,2.46,0.367,0.015,32.7,0.409,468.0,32.4,6.89,769.62,3.37,23.8,19.5,archean,0.353
Madhya Pradesh,22.258,74.6518,254.7,33.3,1.34,0.43,-0.268,22.6,0.847,842.5,83.0,5.69,474.76,5.55,22.5,19.0,gondite_archean,0.511
Karnataka,13.8608,75.4899,616.2,23.1,2.51,0.401,-0.256,26.4,0.527,717.0,14.9,6.74,895.79,3.03,12.5,33.3,archean,0.359
Odisha,20.8972,84.3409,475.8,16.5,1.83,0.364,-0.201,30.1,0.608,878.2,63.1,3.3,442.44,5.45,34.6,27.0,gondite_archean,0.678
Odisha,20.24,85.1087,602.8,19.9,2.28,0.318,0.039,23.4,0.741,675.9,38.0,3.2,540.14,2.16,38.1,20.7,gondite_archean,0.515
Odisha,22.1201,83.7092,810.9,12.2,1.08,0.457,0.264,22.8,0.602,968.0,28.7,4.03,365.68,4.06,23.4,27.2,gondite_archean,0.468
Maharashtra,20.2628,80.4767,472.2,3.0,0.93,0.412,-0.206,37.2,0.467,957.9,78.1,22.68,132.55,5.35,34.5,29.3,gondite_archean,0.56
Madhya Pradesh,21.4016,75.0091,523.6,10.1,0.26,0.584,-0.281,31.5,0.737,878.4,39.4,5.3,423.76,4.61,23.3,9.3,gondite_archean,0.446
Goa,15.153,74.1077,424.6,2.4,1.17,0.309,0.112,37.2,0.537,299.9,11.0,0.59,849.38,0.63,24.2,10.5,laterite,0.19
Maharashtra,21.3116,79.5343,193.7,19.0,0.56,0.505,-0.011,32.0,0.569,909.0,38.1,3.87,19.8,6.68,30.8,10.9,gondite_archean,0.621
Karnataka,13.415,78.3641,204.5,13.6,0.27,0.283,0.168,25.2,0.514,494.1,43.5,19.73,863.53,3.87,27.7,24.9,archean,0.388
Karnataka,13.5139,77.8813,681.7,34.3,0.64,0.285,-0.173,34.7,0.574,575.0,55.3,14.74,858.72,4.18,25.8,18.1,archean,0.37
Maharashtra,21.2207,79.4199,585.6,7.4,2.45,0.73,-0.139,29.9,0.574,612.5,9.2,4.67,24.51,4.51,35.9,7.5,gondite_archean,0.517
Maharashtra,20.7825,79.2326,142.3,26.7,2.87,0.294,-0.106,24.9,0.562,550.2,44.8,3.52,43.46,5.21,45.1,12.9,gondite_archean,0.422
Madhya Pradesh,21.0205,74.6281,805.0,3.6,2.18,0.702,-0.138,27.9,0.679,815.8,44.8,4.23,463.13,3.69,23.8,21.7,gondite_archean,0.531
Karnataka,13.9608,76.0361,783.5,26.5,0.96,0.221,-0.149,36.7,0.449,860.0,89.7,7.26,862.37,4.51,22.1,11.8,archean,0.414
Odisha,21.1106,86.778,346.7,30.6,2.34,0.299,-0.278,23.6,0.459,908.5,39.2,10.34,687.06,1.47,30.1,15.5,gondite_archean,0.598
Andhra Pradesh,17.7575,84.1157,654.3,19.9,2.16,0.397,-0.217,32.7,0.341,952.5,26.6,3.3,602.56,2.43,24.7,16.3,kodurite_archean,0.244
Maharashtra,20.9853,79.4892,815.8,10.1,1.35,0.689,0.238,33.0,0.512,943.2,24.7,4.33,26.46,3.62,29.4,14.1,gondite_archean,0.509
Madhya Pradesh,22.5465,76.7738,697.2,31.4,2.32,0.349,0.147,24.4,0.471,707.4,16.7,13.19,285.05,2.76,31.9,31.0,gondite_archean,0.585
Madhya Pradesh,21.8162,80.9152,347.5,24.6,0.25,0.374,-0.089,30.7,0.641,564.1,45.3,10.8,75.92,6.26,20.3,31.5,gondite_archean,0.469
Madhya Pradesh,23.6089,77.0316,342.2,16.6,2.49,0.708,0.027,32.6,0.669,932.9,13.9,13.89,345.74,4.17,34.1,21.1,gondite_archean,0.45
Odisha,20.3736,86.2029,160.4,29.1,1.4,0.508,-0.246,27.4,0.538,1054.3,13.8,6.63,644.63,3.91,37.9,23.5,gondite_archean,0.508
Maharashtra,19.1852,80.4857,426.3,10.8,1.76,0.333,-0.248,22.0,0.559,1025.1,33.8,6.79,237.31,3.5,31.3,18.4,gondite_archean,0.428
Maharashtra,21.2644,80.4502,285.8,31.0,1.12,0.218,0.222,32.2,0.53,539.2,63.4,4.83,65.79,3.33,32.7,6.6,gondite_archean,0.349
Maharashtra,21.1869,80.3774,744.1,29.9,1.74,0.646,-0.118,28.4,0.564,710.2,-10.6,2.69,71.17,4.44,35.0,22.4,gondite_archean,0.45
Odisha,19.8316,84.2679,471.5,15.7,2.44,0.594,-0.044,27.3,0.689,636.4,35.6,1.12,477.91,6.37,34.0,27.2,gondite_archean,0.685
Jharkhand,23.9315,85.4305,748.9,7.7,0.8,0.556,-0.057,36.9,0.25,665.0,6.7,20.06,587.78,4.76,12.9,9.7,archean,0.172
Madhya Pradesh,21.2511,75.8141,845.2,31.9,2.39,0.162,-0.104,32.0,0.615,729.9,22.7,19.18,339.79,4.76,16.2,24.2,gondite_archean,0.336
Madhya Pradesh,24.3529,78.0246,166.3,22.1,1.15,0.664,-0.039,25.1,0.512,897.4,21.5,2.47,359.43,3.58,31.5,19.3,gondite_archean,0.363
Goa,15.7454,73.9034,386.6,6.1,1.63,0.426,0.24,36.9,0.42,50.0,-26.8,1.78,812.49,0.95,18.6,4.6,laterite,0.168
Andhra Pradesh,18.2246,83.3321,882.3,7.8,0.8,0.325,-0.196,28.1,0.396,553.0,36.0,4.25,505.77,2.62,11.3,13.9,kodurite_archean,0.244
Karnataka,16.2195,77.2923,610.5,11.9,0.46,0.406,-0.223,37.2,0.282,606.2,28.5,2.97,580.0,5.06,26.9,20.7,archean,0.352
Madhya Pradesh,23.6715,75.092,282.9,31.0,0.26,0.602,-0.016,29.1,0.575,903.9,-14.9,9.05,497.46,4.61,27.8,5.3,gondite_archean,0.49
Jharkhand,23.2842,85.5963,201.2,29.6,1.21,0.546,-0.018,25.2,0.445,689.0,59.0,4.58,580.17,0.3,26.2,22.7,archean,0.386
Goa,15.668,74.2213,342.6,15.6,1.52,0.244,-0.281,37.2,0.274,262.6,-10.0,0.7,796.97,1.68,22.4,11.5,laterite,0.156
Karnataka,16.0398,74.6552,249.4,29.3,2.35,0.36,-0.074,30.5,0.44,503.7,13.3,1.7,735.61,4.12,31.8,19.1,archean,0.352
Karnataka,16.8597,76.7028,753.4,33.6,2.42,0.512,-0.004,22.6,0.507,654.3,31.8,1.32,539.01,1.4,30.8,30.8,archean,0.491
Karnataka,17.4348,75.5599,458.9,19.3,2.06,0.62,-0.063,32.3,0.694,512.1,55.2,5.99,554.85,2.95,24.9,24.4,archean,0.354
Andhra Pradesh,17.8704,84.2992,828.7,33.1,1.66,0.556,0.167,24.1,0.467,424.3,19.1,5.51,609.86,1.75,17.5,10.1,kodurite_archean,0.12
Madhya Pradesh,21.2605,78.0295,246.1,20.5,1.98,0.484,0.143,27.4,0.514,1081.2,93.1,0.15,110.62,4.2,34.7,32.8,gondite_archean,0.558
Odisha,22.2697,85.9125,201.7,13.1,1.86,0.651,-0.274,25.8,0.53,491.3,55.6,0.55,593.13,4.22,37.2,24.9,gondite_archean,0.518
Karnataka,13.2433,76.5685,826.5,28.3,0.38,0.566,0.043,36.5,0.531,450.3,23.0,5.26,919.0,4.26,24.1,16.7,archean,0.393
Odisha,20.8826,85.8496,229.7,17.5,2.27,0.67,0.076,32.7,0.542,850.3,26.6,2.46,595.95,4.7,33.2,16.5,gondite_archean,0.54
Karnataka,16.0158,77.5799,183.2,33.7,2.69,0.312,0.194,30.3,0.288,580.6,68.8,4.23,592.65,3.73,33.8,25.6,archean,0.39
Andhra Pradesh,18.1874,83.0248,293.4,17.4,2.68,0.377,0.15,23.5,0.48,559.9,16.5,11.77,484.57,2.21,10.8,13.6,kodurite_archean,0.135
Maharashtra,20.9281,78.9562,837.8,21.1,1.26,0.451,0.063,31.0,0.714,72.2,49.7,6.24,28.32,3.89,36.5,18.5,gondite_archean,0.449
Karnataka,12.732,78.2359,246.9,9.6,1.34,0.38,0.177,29.3,0.479,552.9,9.9,5.69,940.43,3.43,18.8,31.0,archean,0.375
Goa,15.7298,74.273,295.8,5.5,1.05,0.687,0.283,35.7,0.421,414.9,-5.2,6.28,788.14,1.4,15.9,1.5,laterite,0.227
Maharashtra,20.0851,80.1389,824.5,5.1,1.69,0.321,-0.272,32.7,0.596,753.3,42.0,13.39,130.92,5.09,32.7,25.9,gondite_archean,0.384
Odisha,19.6316,86.0213,455.6,9.7,0.73,0.552,-0.3,34.9,0.522,299.0,4.2,26.58,653.55,3.06,30.5,22.3,gondite_archean,0.444
Karnataka,12.6146,77.5335,584.8,20.4,0.35,0.234,0.074,25.3,0.497,1278.0,35.8,2.67,963.4,2.5,26.3,18.9,archean,0.348
Odisha,22.4348,84.0548,490.0,13.4,1.99,0.227,-0.042,26.4,0.676,644.7,-9.2,3.6,405.33,4.83,32.0,19.8,gondite_archean,0.477
Odisha,21.0963,85.1882,662.3,3.3,0.74,0.279,0.143,25.0,0.55,497.8,47.5,15.82,524.17,4.54,35.6,13.4,gondite_archean,0.401
Odisha,20.3055,85.7898,526.9,33.1,1.31,0.566,-0.006,30.2,0.52,440.3,84.7,22.59,605.35,4.16,29.7,21.3,gondite_archean,0.658
Odisha,21.7814,86.9473,856.6,7.7,2.65,0.573,-0.028,30.6,0.529,766.5,68.2,3.74,698.66,8.01,30.0,29.7,gondite_archean,0.646
Odisha,21.3125,83.9234,163.0,18.9,1.33,0.503,-0.246,28.9,0.78,899.7,22.2,29.79,390.9,4.14,27.8,10.3,gondite_archean,0.449
Andhra Pradesh,18.3049,83.0564,149.3,6.5,2.71,0.562,-0.15,23.0,0.474,644.5,61.1,4.15,478.09,0.6,16.2,19.5,kodurite_archean,0.215
Karnataka,14.9035,75.5166,760.1,17.5,1.72,0.333,-0.191,23.4,0.413,785.5,6.1,4.3,790.58,5.04,11.8,15.4,archean,0.315
Maharashtra,20.6645,79.0724,468.1,7.6,0.79,0.164,0.238,25.4,0.484,630.0,15.2,1.09,54.02,3.67,35.5,24.5,gondite_archean,0.415
Karnataka,16.6017,76.7297,304.8,23.1,0.53,0.472,-0.038,26.3,0.638,715.0,-6.0,2.38,563.39,2.37,11.5,16.5,archean,0.315
Karnataka,14.493,77.8465,620.6,21.9,1.14,0.641,-0.277,35.9,0.606,160.4,36.6,5.5,751.82,2.8,31.5,12.7,archean,0.343
Karnataka,15.2261,76.1146,642.9,15.3,2.89,0.51,0.184,23.7,0.322,452.0,56.0,0.65,729.78,3.27,29.0,11.3,archean,0.444
Odisha,19.8893,85.4489,857.1,15.1,1.12,0.514,0.258,35.4,0.579,830.7,16.0,13.74,587.24,3.24,26.6,22.7,gondite_archean,0.305
Madhya Pradesh,23.5502,76.8388,590.1,20.9,1.73,0.534,-0.144,23.4,0.525,699.2,69.4,9.67,353.29,4.5,24.0,30.2,gondite_archean,0.394
Odisha,19.6836,85.5682,891.4,6.7,0.33,0.618,-0.148,35.3,0.381,831.4,41.3,4.21,607.65,3.92,43.7,16.3,gondite_archean,0.627
Odisha,21.0237,85.35,748.5,26.0,2.06,0.218,0.132,30.0,0.547,704.3,9.3,10.97,542.09,4.68,41.3,26.4,gondite_archean,0.472
Maharashtra,19.9859,78.5026,196.1,19.2,2.09,0.4,0.138,30.3,0.618,879.7,57.2,18.01,143.17,3.2,37.4,28.0,gondite_archean,0.525
Karnataka,16.3567,75.2516,599.8,12.4,0.79,0.338,-0.193,36.4,0.348,544.1,-18.9,10.91,668.8,2.29,24.7,22.1,archean,0.315
Odisha,21.5719,85.297,620.5,31.2,1.43,0.691,0.15,29.8,0.691,452.9,62.6,32.88,529.3,4.09,32.1,29.5,gondite_archean,0.397
Odisha,19.5717,85.0751,366.2,15.9,0.94,0.249,0.113,30.2,0.486,575.3,20.5,1.28,566.24,4.7,36.3,27.7,gondite_archean,0.51
Karnataka,16.1748,74.6534,597.2,27.4,1.6,0.365,-0.134,32.3,0.666,810.1,38.6,3.35,724.09,3.44,34.1,19.5,archean,0.489
Karnataka,15.7562,77.4973,871.8,3.5,0.35,0.713,0.018,31.8,0.411,652.1,47.8,2.99,622.83,4.07,30.3,15.5,archean,0.453
Goa,15.5425,74.0072,651.6,12.7,0.98,0.748,0.15,32.3,0.259,331.1,6.0,0.25,822.34,3.51,19.9,15.5,laterite,0.218
Odisha,20.6003,84.3297,457.8,3.5,2.87,0.284,0.253,28.8,0.564,840.6,48.4,1.2,450.39,4.82,30.4,15.9,gondite_archean,0.485
Madhya Pradesh,21.4939,74.0063,748.1,4.0,1.97,0.699,-0.175,32.6,0.649,816.0,20.1,1.43,527.95,3.34,34.0,38.4,gondite_archean,0.461
Odisha,21.7249,84.5592,629.9,6.4,2.13,0.227,-0.045,26.0,0.458,956.6,50.0,0.73,452.31,2.9,40.6,16.6,gondite_archean,0.549
Odisha,20.6341,83.8603,675.2,18.1,2.18,0.299,-0.105,27.3,0.74,785.7,38.9,5.84,402.9,3.87,31.1,21.9,gondite_archean,0.523
Karnataka,18.0074,74.5976,565.1,19.7,0.81,0.407,0.091,33.6,0.461,536.9,10.9,0.91,586.12,2.55,29.4,22.1,archean,0.342
Odisha,21.0478,84.3872,852.4,31.8,1.79,0.363,-0.071,28.6,0.45,707.3,81.2,15.54,443.44,4.29,34.0,15.8,gondite_archean,0.487
Odisha,20.7404,84.2217,801.2,6.4,1.48,0.513,0.115,28.1,0.583,990.6,20.2,5.0,435.04,4.37,33.9,30.2,gondite_archean,0.506
Odisha,19.5409,84.5613,658.4,27.9,1.03,0.447,-0.047,28.6,0.713,677.9,29.0,1.75,520.4,3.78,24.8,38.0,gondite_archean,0.591
Madhya Pradesh,22.3547,79.1778,135.8,2.8,1.48,0.48,0.233,23.7,0.5,892.1,-1.7,4.09,120.29,3.29,27.7,13.6,gondite_archean,0.428
Karnataka,17.517,77.3242,492.4,9.8,2.68,0.496,-0.167,26.3,0.684,568.7,60.9,5.42,444.41,2.71,30.9,14.6,archean,0.418
Odisha,20.2344,85.882,197.0,4.9,1.35,0.539,0.127,24.9,0.639,690.7,47.7,1.48,616.87,5.14,34.6,26.5,gondite_archean,0.42
Odisha,19.8657,85.2841,568.2,13.2,1.53,0.368,0.085,36.4,0.681,702.6,11.0,1.21,572.34,6.34,36.0,20.9,gondite_archean,0.513
Jharkhand,22.1265,86.206,145.7,31.4,1.68,0.552,0.199,24.4,0.427,582.7,88.6,0.25,622.45,2.0,27.5,17.7,archean,0.337
Goa,15.606,74.1659,667.3,7.8,0.79,0.563,-0.168,29.0,0.447,553.9,26.2,4.83,806.06,2.16,20.6,1.5,laterite,0.254
Odisha,20.4445,83.9088,318.5,8.1,1.47,0.695,-0.237,33.5,0.486,837.1,41.6,3.62,415.08,5.51,26.5,28.0,gondite_archean,0.508
Andhra Pradesh,18.1723,83.7734,277.0,24.0,2.36,0.434,0.071,29.3,0.473,508.9,41.2,14.75,545.38,1.7,27.5,13.6,kodurite_archean,0.185
Andhra Pradesh,17.8414,83.5489,744.9,13.0,2.0,0.297,-0.234,34.7,0.436,411.8,6.8,28.91,551.28,3.41,14.1,16.2,kodurite_archean,0.189
Jharkhand,23.3863,86.6027,418.1,12.4,0.86,0.438,0.031,32.1,0.5,657.3,20.2,3.24,682.47,5.79,12.7,5.1,archean,0.261
Maharashtra,20.7147,80.1665,300.0,21.7,1.84,0.372,-0.008,27.0,0.516,688.0,46.3,8.65,73.76,3.62,33.3,29.7,gondite_archean,0.525
Madhya Pradesh,24.1686,74.6643,252.8,16.0,1.84,0.64,0.293,28.2,0.568,526.6,49.4,5.46,564.63,5.6,32.1,8.4,gondite_archean,0.484
Jharkhand,23.3267,85.8165,324.4,25.9,0.88,0.253,0.018,26.6,0.415,719.3,-3.5,0.0,603.1,4.2,19.8,22.5,archean,0.37
Jharkhand,22.7472,86.3629,150.8,14.5,2.9,0.473,-0.127,23.9,0.68,853.2,62.7,3.75,644.82,3.64,20.6,11.0,archean,0.372
Madhya Pradesh,23.8833,74.8252,854.4,28.0,0.71,0.577,-0.069,28.4,0.534,576.7,-19.8,3.61,533.12,4.03,28.4,19.7,gondite_archean,0.35
Andhra Pradesh,18.7038,83.4728,338.8,22.7,1.01,0.292,0.138,22.6,0.436,422.1,1.9,22.01,484.6,0.3,21.7,15.1,kodurite_archean,0.24
Karnataka,13.3473,76.0112,353.3,24.0,1.01,0.496,-0.26,25.1,0.599,632.1,66.6,2.36,927.06,1.53,20.0,15.6,archean,0.414
Odisha,21.1734,84.8281,505.2,20.1,1.08,0.327,0.14,35.9,0.48,723.1,57.2,6.41,485.93,3.35,29.4,26.9,gondite_archean,0.613
Odisha,20.8556,86.2893,572.3,4.3,1.73,0.572,0.176,32.1,0.617,623.8,-5.2,8.86,641.41,3.3,34.0,12.4,gondite_archean,0.496
Odisha,22.4431,85.648,734.8,3.9,0.71,0.605,-0.287,35.1,0.529,1041.1,-1.1,9.53,567.74,3.51,29.6,23.0,gondite_archean,0.422
Madhya Pradesh,23.5977,78.0779,438.0,14.5,0.27,0.351,0.286,36.0,0.667,431.9,33.5,0.14,291.39,6.02,27.7,16.4,gondite_archean,0.498
Madhya Pradesh,23.2555,74.2267,762.8,27.8,0.93,0.575,-0.171,22.6,0.615,674.2,26.1,3.3,552.65,4.86,11.6,9.7,gondite_archean,0.416
Odisha,21.3153,84.8851,338.9,30.5,2.29,0.665,-0.003,24.1,0.442,910.8,20.5,13.96,489.54,4.37,30.8,29.8,gondite_archean,0.524
Andhra Pradesh,18.1477,84.0716,470.0,33.0,1.56,0.428,0.171,35.1,0.638,251.0,22.3,5.05,572.04,4.99,16.9,18.1,kodurite_archean,0.348
Odisha,20.4518,84.4868,524.7,2.8,0.64,0.638,-0.22,25.7,0.686,209.4,30.7,12.48,471.16,6.51,26.1,23.9,gondite_archean,0.452
Karnataka,16.833,76.8229,410.5,6.8,0.84,0.495,-0.046,30.2,0.379,758.4,3.9,15.31,535.91,2.92,14.9,13.3,archean,0.32
Madhya Pradesh,21.3137,81.6739,672.5,27.8,2.17,0.504,-0.03,35.7,0.56,900.2,41.8,6.18,163.68,5.42,19.0,20.4,gondite_archean,0.347
Karnataka,18.3742,75.9011,461.7,5.5,0.33,0.615,0.042,34.2,0.543,706.6,0.4,2.34,454.53,2.49,20.5,13.7,archean,0.326
Odisha,21.2631,83.7242,789.9,33.7,0.89,0.42,-0.287,32.3,0.37,661.7,53.3,4.31,371.41,3.02,34.7,15.4,gondite_archean,0.515
Odisha,21.857,85.8573,192.0,24.6,1.44,0.717,-0.215,32.3,0.584,873.3,35.4,3.2,586.03,5.58,27.6,28.0,gondite_archean,0.362
Odisha,19.5458,84.2705,325.5,16.1,0.68,0.674,0.123,23.4,0.718,1036.9,42.0,21.52,493.84,4.39,37.0,27.4,gondite_archean,0.544
Odisha,20.0437,86.3361,208.0,16.9,2.83,0.261,0.287,37.9,0.452,529.9,43.7,3.04,668.48,2.22,27.2,25.3,gondite_archean,0.37
Odisha,21.2885,86.7058,330.3,7.3,2.02,0.578,0.113,27.1,0.55,939.9,34.3,4.42,677.28,6.04,29.9,13.9,gondite_archean,0.482
Karnataka,17.0788,77.2202,608.1,31.9,0.25,0.484,0.172,30.7,0.524,493.9,18.7,17.48,493.46,4.36,24.6,31.2,archean,0.422
Andhra Pradesh,18.4887,83.2961,510.9,28.3,1.25,0.383,-0.243,36.6,0.501,369.6,-26.1,9.1,484.05,0.3,20.6,12.2,kodurite_archean,0.234
Odisha,22.1923,85.7965,805.5,17.5,1.72,0.701,0.24,29.2,0.621,637.3,0.7,3.93,580.67,3.2,25.9,15.3,gondite_archean,0.465
Karnataka,12.4,75.5799,714.7,31.1,0.82,0.428,-0.018,36.0,0.53,980.1,51.5,0.08,1042.08,3.58,30.0,17.6,archean,0.454
Madhya Pradesh,22.2172,78.1642,624.3,15.2,2.2,0.667,-0.207,29.2,0.76,1115.6,17.8,2.3,152.42,5.63,29.5,27.8,gondite_archean,0.551
Jharkhand,22.2122,85.4661,860.3,33.6,0.47,0.159,-0.203,37.9,0.521,392.8,-9.3,15.86,546.86,3.93,27.9,11.1,archean,0.235
Odisha,20.7277,84.5122,747.2,28.2,1.48,0.514,0.063,35.2,0.642,452.0,24.7,2.46,464.46,1.44,41.4,16.0,gondite_archean,0.435
Maharashtra,19.5343,78.8939,430.2,8.7,1.83,0.373,-0.031,30.6,0.504,699.2,34.0,4.25,180.81,5.8,34.3,18.2,gondite_archean,0.607
Maharashtra,19.4437,79.0044,748.6,33.2,0.58,0.449,-0.171,23.0,0.78,607.2,27.8,9.9,189.94,3.0,35.0,24.7,gondite_archean,0.409
Karnataka,15.8057,75.7626,169.6,8.6,0.73,0.407,0.095,26.2,0.521,598.5,39.9,7.12,690.05,3.13,40.3,12.0,archean,0.331
Odisha,21.0133,86.1042,502.6,3.3,2.23,0.634,-0.126,32.6,0.469,969.8,33.9,14.93,619.46,7.01,32.9,21.9,gondite_archean,0.584
Karnataka,16.8988,75.3803,410.8,30.4,2.23,0.392,-0.171,27.7,0.42,549.0,7.3,4.84,612.72,4.1,26.2,18.7,archean,0.302
Odisha,21.2723,85.5978,435.0,15.7,0.35,0.46,0.003,24.4,0.537,826.1,17.4,1.75,563.4,3.58,28.2,17.0,gondite_archean,0.381
Odisha,20.9756,83.5686,637.1,18.8,2.72,0.249,0.182,34.7,0.528,584.0,25.2,2.44,362.62,3.58,18.7,31.4,gondite_archean,0.372
Odisha,22.0737,84.581,627.1,20.3,1.52,0.447,0.139,23.4,0.7,922.9,46.0,0.48,454.94,5.06,27.1,7.8,gondite_archean,0.419
Odisha,21.0203,83.9429,481.3,27.0,0.92,0.438,0.295,33.0,0.526,1010.1,32.1,4.11,399.06,4.09,28.8,28.8,gondite_archean,0.569
Madhya Pradesh,22.2503,78.6164,373.8,3.9,2.98,0.226,-0.257,36.1,0.675,982.0,5.1,3.19,131.77,2.6,23.6,15.0,gondite_archean,0.331
Maharashtra,20.2788,80.3871,133.5,18.1,1.84,0.702,-0.271,31.2,0.508,897.8,44.2,8.56,125.28,4.66,30.8,21.5,gondite_archean,0.522
Odisha,21.5695,85.1864,199.5,8.3,0.38,0.495,0.073,30.1,0.659,839.9,45.0,7.65,517.91,6.53,19.7,12.8,gondite_archean,0.568
Goa,15.1072,74.1358,103.5,32.4,0.52,0.207,-0.1,28.0,0.489,144.3,-2.9,3.08,851.61,1.42,21.5,13.7,laterite,0.202
Karnataka,12.6478,75.5899,765.4,34.3,1.58,0.156,-0.216,27.2,0.649,509.7,32.3,22.97,1015.94,3.93,23.7,24.0,archean,0.394
Madhya Pradesh,23.1937,79.104,603.0,19.8,2.96,0.589,0.166,36.0,0.829,234.8,33.1,6.77,190.36,6.13,24.3,22.2,gondite_archean,0.55
Odisha,21.283,85.5776,231.3,5.2,2.94,0.386,-0.164,24.7,0.608,989.3,78.5,8.25,561.19,2.46,25.8,6.0,gondite_archean,0.427
Andhra Pradesh,18.8939,83.1069,791.1,27.6,2.81,0.297,0.046,26.4,0.241,663.9,44.8,15.26,440.96,0.42,26.0,19.3,kodurite_archean,0.248
Karnataka,12.0757,76.7272,629.2,21.1,2.26,0.493,-0.26,23.9,0.313,349.3,45.4,0.66,1039.87,5.09,12.6,27.4,archean,0.297
Madhya Pradesh,22.1649,80.039,619.0,22.7,1.75,0.157,0.118,28.0,0.379,887.0,23.5,5.18,43.1,3.06,28.4,8.8,gondite_archean,0.449
Maharashtra,20.0901,79.7601,372.5,11.2,1.82,0.449,0.048,26.6,0.664,640.0,32.8,0.43,120.62,4.21,33.5,22.7,gondite_archean,0.485
Odisha,22.1146,85.1975,344.5,18.6,1.27,0.489,-0.231,38.0,0.336,596.6,15.8,14.33,518.61,6.31,41.9,19.4,gondite_archean,0.412
Odisha,20.4489,86.9162,305.5,16.5,0.28,0.388,0.043,37.2,0.642,1047.3,40.2,6.34,714.6,4.4,30.3,26.1,gondite_archean,0.515
Andhra Pradesh,17.8425,82.9402,260.9,32.4,2.59,0.615,-0.064,30.1,0.272,462.2,4.3,1.13,505.74,2.21,21.6,20.3,kodurite_archean,0.28
Karnataka,16.8151,77.6367,710.6,25.6,0.77,0.353,-0.018,27.3,0.202,504.5,57.8,1.19,505.65,3.35,24.8,22.8,archean,0.275
Karnataka,12.4617,76.4515,661.7,18.4,2.64,0.323,-0.248,37.0,0.662,281.7,12.8,10.07,1006.0,4.38,22.6,13.9,archean,0.351
Odisha,21.6522,86.8015,522.2,19.4,1.49,0.346,-0.015,31.6,0.517,1197.5,27.7,18.04,684.12,5.09,30.8,34.4,gondite_archean,0.414
Maharashtra,21.3765,78.9892,696.9,18.7,0.95,0.616,0.031,32.6,0.534,375.8,4.0,1.77,27.26,6.71,34.4,25.9,gondite_archean,0.495
Karnataka,14.6466,76.1368,535.3,19.5,1.59,0.231,-0.002,24.7,0.707,987.9,55.8,4.11,787.69,3.32,29.5,14.6,archean,0.507
Jharkhand,23.6409,86.7079,237.8,10.2,1.0,0.313,0.213,22.5,0.497,589.5,13.3,12.79,700.04,2.1,21.3,19.1,archean,0.199
Odisha,21.5284,85.9573,676.7,25.8,0.2,0.722,0.189,36.5,0.383,867.3,48.4,0.78,597.76,5.43,42.3,21.4,gondite_archean,0.58
Madhya Pradesh,22.6672,81.4628,160.9,18.0,2.12,0.625,0.05,36.5,0.521,766.7,49.2,19.33,163.49,1.89,28.7,16.2,gondite_archean,0.351
Goa,15.7419,74.0013,812.2,14.1,2.26,0.436,-0.226,36.8,0.468,757.3,1.3,3.66,805.88,4.06,17.8,15.7,laterite,0.171
Maharashtra,20.7598,79.485,831.9,17.6,1.46,0.27,-0.115,22.7,0.401,920.8,64.1,3.17,48.72,3.53,30.3,18.4,gondite_archean,0.485
Karnataka,15.295,77.2496,606.6,28.6,0.33,0.328,-0.132,24.3,0.561,458.4,0.9,5.9,679.41,1.55,34.3,12.5,archean,0.398
Odisha,21.1236,83.583,163.8,15.2,2.84,0.583,-0.247,35.5,0.644,1074.1,29.3,2.0,360.09,6.08,49.1,27.1,gondite_archean,0.728
Goa,15.7218,74.2379,741.1,33.1,0.48,0.309,-0.003,35.5,0.607,754.8,10.5,1.2,791.22,2.61,12.5,3.8,laterite,0.144
Odisha,20.5496,85.9791,394.3,19.9,0.48,0.633,-0.078,32.4,0.455,916.1,45.2,4.48,617.11,5.66,26.8,26.6,gondite_archean,0.576
Maharashtra,20.9145,79.3824,673.2,14.1,0.79,0.53,0.286,27.0,0.493,1176.3,27.3,6.24,39.73,5.1,38.0,26.0,gondite_archean,0.603
Madhya Pradesh,23.997,74.8991,378.2,30.8,0.76,0.197,0.173,35.4,0.586,739.3,43.7,14.19,534.15,7.06,19.8,19.6,gondite_archean,0.46
Madhya Pradesh,23.8195,80.3308,565.1,27.5,0.74,0.18,0.224,23.2,0.34,943.2,11.9,4.21,225.09,4.01,31.8,8.9,gondite_archean,0.487
Madhya Pradesh,24.0681,81.2999,312.8,16.7,1.74,0.719,0.299,25.8,0.468,1066.9,16.0,0.18,277.05,0.56,20.8,29.2,gondite_archean,0.341
Odisha,20.7215,84.313,527.8,7.8,1.62,0.244,0.103,34.1,0.625,763.7,13.7,0.59,444.74,2.53,35.2,34.4,gondite_archean,0.626
Goa,15.4393,74.0915,421.3,33.3,2.38,0.321,0.207,28.9,0.488,501.6,24.5,2.75,825.46,0.3,11.7,1.5,laterite,0.099
Odisha,21.6457,84.0991,183.6,9.1,1.26,0.436,-0.273,37.5,0.651,586.6,67.9,3.07,405.19,7.24,26.2,19.7,gondite_archean,0.496
Andhra Pradesh,17.8844,83.2604,797.0,23.5,1.16,0.56,-0.288,33.8,0.634,498.7,17.5,3.57,525.91,3.36,31.2,14.5,kodurite_archean,0.302
Goa,15.6521,74.2894,804.2,10.5,0.5,0.217,-0.125,31.8,0.475,424.5,-47.3,0.35,793.73,0.3,15.0,3.4,laterite,0.257
Karnataka,14.78,78.3241,271.8,18.6,2.26,0.484,0.257,28.0,0.416,644.6,-9.5,1.4,712.92,4.02,35.6,35.8,archean,0.411
Madhya Pradesh,21.6616,77.7555,676.3,19.0,1.31,0.343,0.066,37.0,0.504,671.0,43.9,4.94,149.41,5.82,25.2,11.6,gondite_archean,0.342
Madhya Pradesh,23.7107,74.2703,574.5,7.3,1.17,0.359,-0.019,27.3,0.556,676.5,73.2,14.02,571.31,6.21,27.7,15.1,gondite_archean,0.533
Andhra Pradesh,17.6084,83.8814,527.2,13.9,1.15,0.522,0.235,29.9,0.672,438.1,46.6,0.86,594.75,0.3,12.9,23.8,kodurite_archean,0.326
Odisha,20.1634,84.4599,538.1,5.9,0.58,0.716,0.183,24.9,0.352,555.5,39.7,1.09,480.14,6.41,27.6,32.4,gondite_archean,0.452
Karnataka,14.2303,75.4676,418.8,1.7,2.36,0.253,-0.274,32.5,0.352,788.8,42.8,5.44,859.69,3.86,20.2,11.7,archean,0.4
Goa,15.0835,74.2913,788.2,24.4,2.83,0.583,-0.186,29.1,0.419,284.6,-7.2,3.21,843.74,3.36,24.0,8.8,laterite,0.193
Odisha,21.5861,83.87,631.8,10.7,0.76,0.712,-0.289,29.0,0.499,777.1,28.0,5.56,381.99,3.45,29.1,32.5,gondite_archean,0.42
Maharashtra,20.3269,79.6797,260.5,10.8,0.65,0.3,-0.165,30.3,0.638,798.2,51.7,13.6,93.8,3.01,24.7,24.8,gondite_archean,0.543
Odisha,20.1579,85.9718,726.1,16.5,2.15,0.383,-0.204,28.4,0.458,900.7,41.1,0.57,628.38,1.81,31.9,18.9,gondite_archean,0.451
Karnataka,17.3291,76.7158,460.5,10.7,1.03,0.38,0.201,37.5,0.274,423.8,22.7,6.42,492.55,4.49,29.7,13.1,archean,0.419
Maharashtra,19.5375,79.9313,740.0,12.8,0.68,0.152,-0.029,27.6,0.577,513.8,44.3,15.71,183.88,3.41,29.8,20.5,gondite_archean,0.208
Odisha,20.3156,84.094,674.8,27.2,1.49,0.578,0.142,24.2,0.493,674.4,33.3,12.22,438.38,6.65,35.1,32.2,gondite_archean,0.574
Odisha,19.5989,86.4816,647.2,10.0,2.13,0.625,-0.116,22.6,0.391,740.9,52.1,0.9,699.58,6.55,31.1,16.9,gondite_archean,0.456
Odisha,22.475,84.1909,560.4,32.5,0.61,0.733,0.268,36.2,0.629,534.2,52.1,3.31,419.86,3.64,29.6,13.4,gondite_archean,0.472
Madhya Pradesh,24.4831,77.1929,592.3,13.4,1.3,0.567,0.263,30.7,0.733,734.1,42.1,1.9,418.51,3.97,27.6,22.8,gondite_archean,0.399
Odisha,20.2936,85.2991,558.5,32.5,2.01,0.399,0.258,34.6,0.518,723.7,54.4,12.47,556.98,6.95,35.8,31.7,gondite_archean,0.526
Odisha,21.9848,84.3815,721.8,33.5,2.15,0.508,-0.024,27.8,0.598,1040.0,3.4,11.13,433.97,3.17,35.0,32.3,gondite_archean,0.482
Karnataka,15.4881,77.5845,629.0,14.9,2.71,0.248,0.297,23.9,0.619,477.7,37.4,38.23,649.31,3.39,31.3,11.9,archean,0.321
Andhra Pradesh,18.0515,83.6822,503.0,23.0,2.92,0.183,0.044,35.8,0.357,345.3,15.9,6.58,546.4,1.0,17.0,17.5,kodurite_archean,0.258
Goa,15.6448,74.1465,104.0,15.5,0.75,0.696,-0.195,26.6,0.233,444.5,20.9,0.75,804.05,0.3,17.0,3.1,laterite,0.192
Karnataka,15.6774,75.9618,848.9,2.9,2.09,0.685,0.182,24.9,0.727,869.7,4.2,0.7,692.18,3.78,30.2,15.5,archean,0.446
Maharashtra,20.6995,80.1618,133.3,1.8,1.24,0.239,0.035,36.7,0.69,711.7,13.4,22.31,74.58,7.35,32.6,19.5,gondite_archean,0.496
Odisha,22.1097,85.6173,591.3,19.1,0.46,0.417,0.3,35.4,0.506,736.1,30.4,0.03,561.78,3.65,29.4,36.0,gondite_archean,0.454
Andhra Pradesh,18.6238,84.3772,143.1,1.4,2.05,0.324,-0.148,27.3,0.48,158.4,31.5,8.94,562.55,0.3,11.2,12.5,kodurite_archean,0.151
Maharashtra,20.8918,79.8338,287.2,21.0,1.8,0.441,0.03,29.9,0.438,1121.8,51.4,0.93,36.35,3.74,36.7,12.8,gondite_archean,0.541
Karnataka,17.3962,78.3024,607.4,13.0,1.89,0.337,0.246,35.9,0.293,785.9,23.6,3.15,425.51,4.72,33.1,18.2,archean,0.304
Karnataka,14.1639,75.2046,585.8,17.2,2.62,0.169,0.086,34.2,0.462,749.2,36.3,10.45,879.0,2.72,28.4,16.6,archean,0.353
Odisha,20.2204,83.8528,308.2,7.0,0.28,0.696,-0.295,33.8,0.596,933.5,45.9,3.38,419.74,5.47,29.5,26.2,gondite_archean,0.484
Goa,15.1126,73.9124,546.5,27.0,1.93,0.289,-0.299,34.1,0.457,602.0,7.4,4.22,865.82,0.3,32.5,17.5,laterite,0.189
Madhya Pradesh,22.1085,76.0653,130.2,20.8,0.84,0.239,0.092,32.9,0.563,1110.9,51.1,2.9,330.31,6.0,26.0,12.3,gondite_archean,0.581
Madhya Pradesh,22.7396,74.2565,589.8,25.3,1.37,0.604,-0.164,25.5,0.812,699.6,11.8,15.02,528.88,3.97,34.4,33.2,gondite_archean,0.536
Odisha,20.0044,86.9023,594.0,34.4,1.15,0.572,-0.166,26.2,0.318,806.6,25.3,0.29,726.19,3.55,31.0,35.2,gondite_archean,0.483
Odisha,21.7628,83.5718,299.5,31.3,2.21,0.194,0.193,29.9,0.459,843.7,65.8,9.16,350.24,3.58,44.7,24.3,gondite_archean,0.449
Madhya Pradesh,22.937,74.2549,475.4,32.4,1.31,0.525,0.168,34.5,0.698,792.4,60.7,2.2,536.45,4.18,26.9,21.6,gondite_archean,0.488
Odisha,20.1954,86.6549,767.1,19.8,1.93,0.435,-0.065,36.6,0.721,736.1,13.2,3.38,695.37,0.42,30.6,14.0,gondite_archean,0.422
Karnataka,13.5757,75.2373,151.9,26.9,1.4,0.526,0.137,32.9,0.239,536.9,65.9,5.46,936.05,1.29,23.9,17.7,archean,0.26
Odisha,22.1659,84.2942,843.4,25.4,2.34,0.271,-0.159,30.3,0.674,673.7,16.0,3.1,426.15,3.95,28.5,18.2,gondite_archean,0.467
Odisha,21.3881,86.9159,365.0,5.0,1.8,0.694,0.17,32.0,0.612,395.9,45.2,10.33,697.88,3.7,31.6,19.5,gondite_archean,0.522
Odisha,20.2853,85.2941,364.5,30.3,1.53,0.63,0.048,34.4,0.641,974.8,26.1,2.57,556.78,2.6,32.8,8.1,gondite_archean,0.463
Odisha,22.401,84.0603,729.9,34.5,0.26,0.569,-0.148,22.6,0.639,750.5,39.2,5.57,405.3,4.27,38.3,30.1,gondite_archean,0.548
Andhra Pradesh,17.563,83.4422,418.4,11.5,1.46,0.381,-0.041,37.7,0.49,974.7,7.5,14.18,564.84,0.95,8.1,4.7,kodurite_archean,0.143
Goa,15.6631,73.8545,186.5,15.5,0.48,0.521,-0.214,30.4,0.418,825.0,-1.0,14.95,822.81,1.33,23.3,1.5,laterite,0.183
Goa,15.2476,74.2882,325.0,33.4,0.35,0.576,0.019,29.6,0.474,565.6,-14.9,1.69,829.29,0.3,20.1,2.6,laterite,0.135
Karnataka,13.5127,76.4654,798.0,25.2,1.82,0.203,0.116,24.7,0.437,817.8,-16.5,15.66,893.67,1.69,26.2,11.7,archean,0.328
Goa,15.3477,74.044,841.9,18.7,1.57,0.497,0.114,23.7,0.349,368.8,41.5,0.6,836.58,0.79,25.6,8.8,laterite,0.157
Goa,15.7102,74.2788,794.2,1.1,1.26,0.641,-0.08,31.6,0.245,675.8,9.8,5.0,789.43,2.7,18.0,8.0,laterite,0.206
Andhra Pradesh,18.6653,84.0772,666.4,9.6,2.61,0.686,-0.184,24.1,0.311,929.5,31.7,6.31,535.5,5.07,20.2,1.5,kodurite_archean,0.39
Odisha,20.3361,84.056,256.5,34.1,0.63,0.312,0.054,31.8,0.608,685.1,21.3,2.72,433.85,5.46,28.4,23.7,gondite_archean,0.553
Odisha,20.8447,85.6036,361.9,27.6,2.55,0.344,0.203,23.7,0.314,728.9,44.6,0.69,571.71,3.94,44.5,20.3,gondite_archean,0.521
Odisha,21.0022,85.0958,375.5,24.6,2.33,0.662,0.284,26.3,0.47,1087.3,31.6,40.63,516.57,7.11,30.4,31.4,gondite_archean,0.471
Odisha,21.072,85.2677,520.2,34.1,2.75,0.247,-0.079,28.8,0.398,1014.1,24.7,5.94,532.75,5.96,32.8,19.7,gondite_archean,0.491
Maharashtra,20.0886,79.0893,140.0,17.6,1.2,0.301,0.117,34.3,0.581,897.4,10.1,0.07,118.02,3.47,31.1,19.3,gondite_archean,0.4
Madhya Pradesh,23.0654,76.3843,128.1,2.3,0.27,0.593,-0.109,34.7,0.605,475.9,-16.8,5.75,350.78,3.19,33.3,23.1,gondite_archean,0.374
Karnataka,14.8762,77.0878,495.3,22.1,1.72,0.594,0.124,30.5,0.614,735.0,-19.7,11.56,729.0,1.04,20.8,20.0,archean,0.389
Jharkhand,22.1083,86.1937,442.3,12.2,0.45,0.488,-0.013,23.7,0.616,949.7,45.9,11.66,621.11,2.76,27.0,13.2,archean,0.38
Karnataka,14.6123,76.8029,566.7,26.5,1.63,0.213,0.215,27.0,0.615,752.3,47.5,7.14,766.13,2.85,31.3,21.7,archean,0.34
Goa,15.7208,74.2882,821.5,5.3,2.51,0.396,0.294,29.6,0.278,700.2,72.9,3.11,787.88,1.01,19.9,11.1,laterite,0.307
Karnataka,13.6511,77.9389,660.2,19.6,1.91,0.205,-0.016,25.1,0.594,437.1,24.1,1.86,842.72,4.04,30.4,21.5,archean,0.402
Madhya Pradesh,23.6316,75.1205,378.6,14.2,1.63,0.707,0.225,24.2,0.606,687.3,11.8,2.75,492.59,5.55,29.0,22.7,gondite_archean,0.508
Andhra Pradesh,18.2878,82.9167,519.8,19.9,2.28,0.282,-0.079,27.8,0.462,620.3,37.1,2.47,468.59,3.27,25.3,18.2,kodurite_archean,0.333
Odisha,19.7225,86.6201,778.1,34.7,2.1,0.712,0.196,35.5,0.555,387.0,67.3,21.81,708.24,6.26,17.2,36.4,gondite_archean,0.38
Karnataka,12.3118,78.0282,455.5,21.0,0.59,0.152,-0.153,33.3,0.443,536.6,40.0,7.62,989.23,3.42,21.5,12.9,archean,0.363
Odisha,21.6949,85.0381,338.3,16.5,0.4,0.629,-0.154,33.6,0.556,822.9,34.1,13.26,501.86,4.47,34.5,16.4,gondite_archean,0.573
Odisha,20.8292,84.0801,885.6,4.3,1.85,0.526,0.023,32.6,0.577,580.3,45.1,11.49,418.17,4.33,26.1,17.6,gondite_archean,0.389
Karnataka,17.7708,77.275,415.7,13.7,1.48,0.256,0.08,27.8,0.608,747.2,43.8,7.54,421.17,1.43,21.7,18.5,archean,0.449
Odisha,20.0855,84.0789,721.7,8.8,1.67,0.421,0.048,36.0,0.543,996.6,37.3,7.46,447.5,4.14,43.3,27.3,gondite_archean,0.548
Odisha,21.7516,84.6868,667.9,2.6,1.34,0.573,-0.164,34.7,0.442,1019.3,83.1,3.49,465.39,7.76,28.7,35.3,gondite_archean,0.568
Karnataka,13.3148,75.3557,104.6,11.2,2.3,0.626,-0.179,37.3,0.622,661.0,54.7,0.71,957.09,4.25,19.5,28.0,archean,0.396
Andhra Pradesh,17.696,82.8467,372.7,14.9,1.18,0.608,-0.242,27.6,0.605,458.7,4.2,3.73,511.4,2.82,28.0,25.9,kodurite_archean,0.346
Odisha,21.9996,85.9697,561.9,31.3,2.16,0.271,-0.042,29.9,0.607,633.2,26.9,20.7,597.7,4.51,31.9,30.3,gondite_archean,0.422
Karnataka,13.6603,76.5268,873.1,20.5,2.69,0.541,-0.015,35.7,0.483,879.1,26.7,2.76,876.02,4.21,26.4,2.5,archean,0.391
Madhya Pradesh,23.7776,76.2447,545.4,25.1,0.58,0.638,0.064,37.2,0.469,718.2,16.7,27.93,413.31,4.52,14.1,25.0,gondite_archean,0.42
Madhya Pradesh,21.9831,81.2818,343.3,16.3,1.72,0.21,0.259,28.0,0.486,741.0,20.2,7.33,115.49,7.02,28.4,21.3,gondite_archean,0.464
Andhra Pradesh,17.6198,84.211,173.5,29.4,1.21,0.517,-0.208,23.1,0.421,447.8,20.6,7.11,620.13,0.3,23.4,25.0,kodurite_archean,0.161
Karnataka,14.6944,77.8687,284.0,1.2,2.02,0.271,0.234,35.7,0.73,1152.7,26.1,2.57,729.35,3.9,34.6,13.5,archean,0.485
Andhra Pradesh,18.1304,83.6542,798.4,30.4,1.24,0.275,0.165,28.9,0.476,471.4,-15.0,3.09,538.51,3.61,27.3,9.1,kodurite_archean,0.279
Odisha,19.7425,86.5623,787.0,14.7,2.17,0.484,0.212,27.0,0.486,422.6,110.7,3.49,701.79,4.82,24.6,14.4,gondite_archean,0.522
Karnataka,18.1527,75.4865,634.7,26.2,1.45,0.713,0.142,29.3,0.733,788.0,53.0,3.53,503.42,3.31,19.2,14.2,archean,0.453
Maharashtra,20.5366,80.1984,484.2,30.6,1.21,0.706,0.119,26.1,0.656,1035.0,100.2,1.19,90.6,2.31,39.3,28.1,gondite_archean,0.633
Maharashtra,19.8925,79.5254,640.6,33.6,0.91,0.675,0.254,32.7,0.541,915.2,40.2,0.34,142.65,4.7,34.1,28.3,gondite_archean,0.686
Odisha,20.9075,86.4089,112.4,10.3,0.21,0.399,0.137,34.8,0.392,808.0,52.7,2.35,652.62,6.77,35.4,23.4,gondite_archean,0.539
Karnataka,16.6347,74.6611,409.1,14.8,0.67,0.164,-0.22,32.5,0.651,323.3,52.8,0.75,684.85,4.07,26.8,21.2,archean,0.369
Karnataka,15.4603,75.5707,829.3,13.5,0.33,0.33,0.019,28.5,0.475,530.2,18.8,13.68,733.59,4.92,16.2,13.7,archean,0.417
Goa,15.448,74.0252,617.3,33.4,2.42,0.174,-0.101,29.5,0.577,208.5,23.3,36.33,829.2,2.5,21.7,4.4,laterite,0.104
Maharashtra,19.2602,80.0787,525.9,10.9,2.04,0.535,-0.174,22.5,0.712,1151.5,-5.9,16.74,217.02,4.57,39.0,19.4,gondite_archean,0.606
Maharashtra,19.512,79.2421,607.4,1.6,2.22,0.651,-0.061,29.2,0.61,885.8,13.7,9.09,182.83,2.96,27.1,23.6,gondite_archean,0.51
Maharashtra,21.4649,80.034,853.6,8.4,2.36,0.162,0.102,29.5,0.524,960.3,28.9,15.41,40.2,4.58,32.6,13.9,gondite_archean,0.386
Andhra Pradesh,17.9648,84.3861,243.7,23.5,2.08,0.301,-0.105,35.4,0.38,739.5,-1.1,1.87,610.86,2.27,14.5,16.8,kodurite_archean,0.259
Goa,15.5548,74.2702,543.6,21.4,2.94,0.535,-0.282,33.6,0.532,772.7,31.2,37.0,803.46,1.84,14.1,13.2,laterite,0.122
Madhya Pradesh,21.5371,75.654,597.3,5.4,0.94,0.651,-0.104,29.8,0.741,467.0,47.8,19.77,358.45,4.81,23.4,27.0,gondite_archean,0.473
Odisha,21.6312,85.814,135.2,29.4,0.9,0.409,0.101,28.9,0.526,636.2,36.0,4.11,582.28,4.77,32.2,10.8,gondite_archean,0.346
Maharashtra,21.3569,79.0341,452.1,28.1,1.91,0.216,0.077,25.0,0.938,1001.1,35.8,2.62,23.73,5.87,37.1,19.7,gondite_archean,0.588
Odisha,21.8199,85.1603,380.9,13.3,2.59,0.482,0.131,36.4,0.413,722.3,55.3,24.37,514.13,4.41,29.8,19.9,gondite_archean,0.485
Odisha,20.4079,85.6431,450.7,25.7,2.71,0.555,-0.177,36.9,0.478,688.0,41.7,0.97,587.44,3.39,28.9,16.6,gondite_archean,0.502
Andhra Pradesh,18.642,83.025,296.2,33.8,0.22,0.678,-0.18,37.2,0.285,362.4,-32.0,9.82,451.1,0.3,24.7,28.8,kodurite_archean,0.251
Odisha,19.5336,85.1032,205.5,23.6,0.8,0.41,-0.181,30.8,0.612,629.9,-40.1,24.22,570.79,5.53,25.5,37.7,gondite_archean,0.466
Madhya Pradesh,23.0268,75.8552,137.4,33.1,1.08,0.416,-0.231,35.4,0.542,629.9,51.3,6.67,393.21,3.28,24.3,20.0,gondite_archean,0.507
Karnataka,13.1043,76.0323,797.3,13.3,2.86,0.718,-0.213,24.8,0.484,862.7,61.1,1.15,951.7,3.55,28.3,29.5,archean,0.439
Maharashtra,19.9295,78.9882,683.2,15.3,2.95,0.36,0.253,36.9,0.738,927.3,22.5,4.54,136.13,4.37,39.3,20.4,gondite_archean,0.622
Odisha,20.0981,84.989,704.4,21.6,2.13,0.319,-0.011,22.7,0.544,775.1,50.2,7.58,534.0,3.17,27.3,27.6,gondite_archean,0.506
Karnataka,15.5457,75.0891,462.1,31.0,1.38,0.654,0.054,25.1,0.649,699.7,96.0,4.07,752.63,2.72,19.2,7.1,archean,0.384
Goa,15.3006,74.1789,524.2,24.9,0.93,0.715,0.018,35.3,0.346,367.3,-25.1,7.9,831.73,1.36,17.8,9.8,laterite,0.173
Karnataka,18.0478,78.0599,728.6,11.1,1.73,0.284,-0.034,29.7,0.682,603.4,27.5,15.83,361.43,3.55,18.3,18.5,archean,0.33
Jharkhand,22.2014,85.8474,345.7,31.8,2.63,0.293,-0.251,32.0,0.67,422.2,3.0,15.59,585.96,3.87,16.6,23.0,archean,0.409
Karnataka,17.3878,76.9137,411.3,20.0,1.81,0.249,-0.058,27.5,0.607,945.4,15.3,5.27,476.62,2.82,26.9,28.6,archean,0.366
Madhya Pradesh,22.9146,74.4267,418.9,10.2,3.0,0.335,0.231,32.8,0.627,373.7,27.0,3.27,519.13,3.24,28.2,18.5,gondite_archean,0.395
Maharashtra,20.5693,79.2513,212.8,25.1,2.59,0.562,-0.289,25.5,0.683,803.8,20.2,11.3,66.72,6.9,37.5,29.4,gondite_archean,0.551
Goa,15.4051,74.0971,666.5,29.3,0.54,0.636,-0.011,29.2,0.479,50.0,11.4,24.49,828.05,2.36,21.4,1.5,laterite,0.189
Madhya Pradesh,22.9768,80.8874,757.3,5.2,2.58,0.398,-0.148,35.9,0.679,1044.8,31.1,2.45,149.71,4.5,26.5,23.7,gondite_archean,0.489
Odisha,20.8309,83.8046,329.3,27.6,0.62,0.538,0.25,32.9,0.555,786.7,49.5,10.05,390.61,4.14,39.8,30.3,gondite_archean,0.487
Maharashtra,20.6968,79.4456,819.8,12.4,1.02,0.674,0.178,30.2,0.548,715.6,28.0,8.54,56.74,5.94,32.0,30.8,gondite_archean,0.518
Karnataka,13.0862,74.6336,408.6,31.7,0.87,0.274,0.282,22.4,0.44,873.0,32.8,2.56,1013.8,1.55,24.6,30.3,archean,0.313
Goa,15.7286,74.1578,807.7,11.9,1.27,0.518,0.074,29.7,0.223,454.1,8.7,13.77,796.12,3.66,15.1,3.6,laterite,0.146
Karnataka,14.6193,74.5661,751.8,13.2,1.83,0.194,-0.195,36.2,0.584,685.9,48.1,52.64,869.58,2.44,32.4,22.7,archean,0.318
Madhya Pradesh,23.9157,79.5049,116.9,12.4,0.6,0.29,0.243,22.6,0.704,639.7,12.6,7.68,245.21,2.56,28.7,18.6,gondite_archean,0.384
Karnataka,13.7627,78.2904,471.1,3.0,2.24,0.347,0.092,26.5,0.696,736.3,25.4,3.26,825.79,3.32,29.8,18.5,archean,0.399
Odisha,20.5367,84.0193,608.8,33.3,2.99,0.375,0.059,35.7,0.427,850.6,20.6,4.21,422.14,3.93,23.5,23.5,gondite_archean,0.406
Odisha,20.4342,83.9238,791.7,17.8,1.8,0.492,-0.054,25.1,0.492,854.1,46.1,1.87,416.95,3.74,29.9,8.5,gondite_archean,0.574
Madhya Pradesh,23.2554,79.7124,334.1,12.0,1.43,0.334,0.291,35.0,0.508,797.4,13.2,15.62,168.81,3.4,31.8,23.4,gondite_archean,0.288
Andhra Pradesh,18.7587,84.3194,507.4,24.6,0.51,0.489,-0.151,28.9,0.309,658.2,9.7,2.0,548.37,1.65,20.5,9.6,kodurite_archean,0.261
Odisha,21.1848,86.002,682.5,23.7,2.64,0.672,0.047,28.9,0.662,999.8,50.6,0.05,606.19,5.9,30.9,21.1,gondite_archean,0.465
Odisha,20.6852,84.12,390.9,13.7,2.98,0.747,-0.231,33.6,0.502,653.3,106.5,2.0,426.72,5.29,26.6,29.5,gondite_archean,0.57
Karnataka,17.1344,77.7717,332.4,12.6,2.82,0.249,-0.275,29.3,0.593,782.5,45.8,20.16,467.48,1.79,25.6,28.8,archean,0.398
Odisha,20.018,83.543,574.9,31.1,2.08,0.739,-0.262,36.4,0.491,973.2,47.9,1.02,401.59,6.51,18.4,25.4,gondite_archean,0.564
Goa,15.0119,74.2046,850.8,27.8,0.56,0.199,-0.287,32.1,0.53,89.6,-15.5,7.83,855.67,1.08,26.0,13.8,laterite,0.168
Karnataka,13.4085,75.1789,100.1,25.4,0.51,0.296,-0.121,31.0,0.717,468.1,-24.1,2.81,955.57,2.99,20.8,21.6,archean,0.289
Maharashtra,20.8908,80.0599,482.3,15.6,0.23,0.706,0.062,25.3,0.77,847.6,47.3,2.1,52.67,5.43,31.9,10.9,gondite_archean,0.567
Maharashtra,20.4139,78.655,230.1,14.2,0.72,0.625,-0.05,23.5,0.453,773.2,29.4,15.7,93.51,3.83,27.0,15.8,gondite_archean,0.572
Jharkhand,22.2631,85.0986,655.5,29.3,2.57,0.557,0.272,30.2,0.566,567.1,50.0,1.75,509.57,0.43,34.2,25.0,archean,0.347
Odisha,20.4623,84.855,598.1,6.4,2.61,0.419,0.25,29.5,0.477,693.0,38.6,0.91,507.16,4.31,40.0,9.8,gondite_archean,0.424
Maharashtra,21.367,78.7009,224.5,33.6,0.31,0.737,-0.297,36.0,0.494,855.8,34.2,3.05,46.99,3.69,35.7,27.4,gondite_archean,0.512
Madhya Pradesh,24.2479,77.43,795.8,16.3,2.94,0.726,-0.103,36.2,0.511,877.4,22.0,14.5,384.25,4.75,36.2,9.0,gondite_archean,0.443
Maharashtra,20.4129,79.3958,347.4,18.1,1.15,0.604,0.026,36.0,0.549,465.9,44.9,15.24,87.91,2.67,36.0,11.6,gondite_archean,0.546
Andhra Pradesh,18.1799,83.9529,176.4,14.5,2.95,0.635,-0.204,26.4,0.611,243.7,36.9,5.7,559.86,3.28,18.1,26.3,kodurite_archean,0.307
Jharkhand,23.586,86.1574,617.4,32.6,1.4,0.349,0.286,35.8,0.397,579.1,-20.6,4.29,644.48,4.27,20.5,20.5,archean,0.248
Odisha,21.7927,85.5332,600.5,2.8,0.79,0.195,-0.127,32.0,0.8,1015.8,-4.4,2.24,552.67,4.98,24.3,25.1,gondite_archean,0.481
Maharashtra,20.6485,79.3137,309.6,34.3,2.43,0.331,0.209,34.1,0.542,655.2,-4.7,1.65,60.41,4.93,30.9,27.5,gondite_archean,0.448
Jharkhand,22.1532,85.9461,741.7,27.8,2.33,0.359,-0.028,31.5,0.498,727.4,85.8,2.55,595.83,2.05,18.6,16.6,archean,0.369
Maharashtra,20.5199,78.7052,781.8,21.4,2.89,0.552,-0.195,29.6,0.464,740.1,40.0,0.12,80.67,4.01,30.9,18.6,gondite_archean,0.338
Odisha,21.5202,85.5865,335.6,1.5,0.42,0.385,-0.208,28.0,0.655,1207.5,21.1,7.62,559.56,2.95,33.8,26.1,gondite_archean,0.375
Karnataka,17.7162,74.657,890.4,23.6,2.11,0.173,0.063,29.8,0.616,598.0,15.0,17.68,601.47,0.3,32.7,20.3,archean,0.297
Maharashtra,20.5351,79.5205,447.0,21.2,0.85,0.715,0.053,27.0,0.724,735.0,25.8,9.1,71.87,3.43,40.5,17.5,gondite_archean,0.56
Odisha,19.5378,86.6438,565.1,13.0,0.85,0.52,0.005,37.9,0.499,690.0,-34.2,9.18,717.89,4.11,27.2,21.5,gondite_archean,0.342
Maharashtra,20.2137,79.171,165.9,19.7,0.96,0.519,0.286,23.8,0.543,485.2,31.0,38.67,104.45,5.42,41.0,26.7,gondite_archean,0.495
Maharashtra,20.4895,79.1291,548.9,19.1,2.51,0.739,-0.053,34.2,0.742,817.4,31.6,3.71,73.55,4.35,32.0,15.5,gondite_archean,0.563
Goa,15.0621,74.265,665.7,12.2,1.29,0.594,0.061,32.7,0.408,50.0,-32.1,11.59,847.32,0.64,13.3,13.9,laterite,0.012
Jharkhand,22.9396,85.5128,813.0,17.7,1.88,0.207,-0.07,37.1,0.337,309.0,54.1,7.86,562.77,2.68,24.7,23.1,archean,0.325
Odisha,21.659,85.6507,643.7,12.9,1.08,0.561,-0.171,28.7,0.552,869.7,5.4,12.49,565.27,5.0,29.5,23.7,gondite_archean,0.474
Goa,15.7653,73.9713,184.5,7.4,1.6,0.626,-0.21,32.6,0.443,189.0,-22.5,8.68,806.03,3.26,17.1,9.9,laterite,0.148
Odisha,20.0822,85.7965,783.9,9.6,1.12,0.472,-0.173,35.0,0.497,861.0,76.5,3.29,613.7,4.24,28.5,23.0,gondite_archean,0.445
Andhra Pradesh,18.0332,83.0631,772.7,2.7,1.31,0.372,-0.129,36.6,0.51,556.2,62.2,18.49,499.44,3.11,9.1,1.5,kodurite_archean,0.265
Karnataka,13.3366,77.5228,461.1,33.6,0.93,0.56,0.264,32.6,0.536,689.9,58.9,1.36,884.58,0.82,15.8,20.4,archean,0.38
Karnataka,13.7472,78.4948,157.4,2.5,0.81,0.733,0.288,32.5,0.721,606.3,37.7,28.62,825.57,3.23,19.4,14.9,archean,0.454
Jharkhand,22.8688,85.3009,472.8,24.1,2.53,0.425,0.056,26.3,0.329,739.8,28.2,3.22,539.91,3.8,18.6,14.1,archean,0.37
Goa,15.1856,73.8606,104.9,18.3,3.0,0.567,-0.115,36.0,0.574,305.4,32.4,1.3,862.97,1.27,8.8,1.5,laterite,0.145
Odisha,21.7867,86.9654,722.2,11.1,0.89,0.281,-0.218,30.8,0.748,940.4,9.2,3.21,700.52,5.82,24.8,31.3,gondite_archean,0.458
Odisha,19.7649,86.4055,782.5,8.5,0.38,0.593,-0.173,28.3,0.41,898.3,52.6,1.86,685.54,3.38,29.1,25.9,gondite_archean,0.614
Maharashtra,21.1002,80.1134,113.2,7.4,2.03,0.375,0.289,32.6,0.512,944.4,74.9,4.53,48.69,4.61,36.2,21.9,gondite_archean,0.684
Odisha,22.0266,85.7686,423.2,1.5,1.86,0.158,-0.299,31.9,0.397,677.4,25.5,8.47,577.04,4.32,29.4,23.8,gondite_archean,0.35
Maharashtra,20.8028,79.0105,171.4,3.7,1.39,0.718,-0.169,26.1,0.587,610.8,65.8,15.79,39.48,6.3,27.6,21.7,gondite_archean,0.623
Madhya Pradesh,22.8585,79.4637,609.9,31.0,1.84,0.617,-0.151,32.9,0.409,733.8,58.7,12.08,138.86,4.26,28.2,14.8,gondite_archean,0.496
Jharkhand,23.6228,85.2194,197.4,21.2,1.17,0.171,0.025,28.2,0.54,713.1,15.9,2.45,555.18,3.76,25.9,13.9,archean,0.356
Goa,15.511,73.9938,440.6,3.6,0.29,0.567,-0.037,30.8,0.455,78.7,20.6,5.17,825.95,0.3,14.3,5.6,laterite,0.219
Madhya Pradesh,24.1343,80.9299,812.3,10.2,0.3,0.307,-0.133,36.5,0.482,826.3,72.8,15.71,270.68,5.49,21.2,16.5,gondite_archean,0.51
Madhya Pradesh,23.5837,77.921,123.1,3.2,1.71,0.581,-0.171,33.6,0.532,707.8,70.2,10.98,296.11,6.68,22.2,14.9,gondite_archean,0.396
Odisha,20.1122,85.9269,833.6,14.4,0.7,0.321,-0.027,26.7,0.653,605.4,38.8,12.63,625.51,4.21,35.4,11.5,gondite_archean,0.525
Karnataka,14.2528,77.8437,706.8,11.9,0.49,0.193,-0.243,31.3,0.676,630.4,18.6,11.19,778.2,4.3,20.4,13.1,archean,0.397
Maharashtra,20.8694,79.2949,268.3,18.7,2.78,0.534,-0.196,32.9,0.786,479.9,41.2,13.46,37.76,6.76,38.9,32.3,gondite_archean,0.602
Goa,15.1096,74.0441,307.1,26.7,2.22,0.235,0.226,24.9,0.409,379.1,44.9,3.18,857.38,1.1,16.1,11.3,laterite,0.294
Odisha,19.8381,83.7531,695.0,25.2,0.36,0.486,-0.249,36.5,0.593,893.2,44.9,2.92,430.67,6.1,27.4,14.3,gondite_archean,0.44
Odisha,20.9042,84.3157,570.9,32.4,2.29,0.55,0.05,29.8,0.612,710.9,33.1,11.09,439.71,3.93,24.7,28.9,gondite_archean,0.495
Karnataka,17.6847,75.3534,360.3,6.1,1.94,0.402,0.068,34.2,0.778,814.1,24.5,3.56,549.5,3.48,29.7,29.5,archean,0.407
Karnataka,14.726,75.2131,839.5,26.9,1.55,0.558,0.238,24.2,0.383,715.6,-11.8,12.84,823.54,0.3,21.1,13.0,archean,0.261
Maharashtra,21.3885,79.3273,861.9,29.0,1.55,0.554,-0.039,30.9,0.578,713.2,25.1,3.13,36.17,5.36,49.3,18.6,gondite_archean,0.618
Odisha,19.6665,83.5088,180.9,27.9,2.89,0.406,0.008,24.3,0.367,552.1,42.5,7.56,419.64,3.39,29.8,14.6,gondite_archean,0.39
Karnataka,14.7139,75.7024,625.3,32.2,1.32,0.265,-0.138,35.7,0.35,1111.5,24.6,2.61,800.27,1.49,25.3,13.0,archean,0.324
Andhra Pradesh,18.2913,83.1684,266.3,28.2,1.95,0.431,-0.17,27.3,0.301,515.0,31.2,4.1,487.89,4.18,20.4,9.8,kodurite_archean,0.232
Madhya Pradesh,23.3282,79.7017,805.6,13.6,0.41,0.725,-0.039,32.0,0.627,1177.2,54.7,13.03,176.88,3.52,23.8,42.4,gondite_archean,0.468
Jharkhand,23.5672,86.3198,514.1,6.7,2.94,0.375,-0.236,29.9,0.39,950.9,75.8,13.42,659.77,3.38,23.3,22.4,archean,0.413
Jharkhand,22.2331,86.6991,499.9,14.2,1.92,0.184,0.004,35.9,0.477,379.3,26.1,3.55,673.7,3.87,27.4,1.5,archean,0.389
Karnataka,17.3136,76.6349,370.8,23.4,2.21,0.485,-0.266,24.7,0.583,460.3,4.1,8.95,498.38,1.84,18.5,8.6,archean,0.31
Goa,15.0683,74.0222,779.5,21.9,1.02,0.402,0.124,37.6,0.404,571.3,-0.9,10.49,862.45,0.3,10.0,11.4,laterite,0.186
Andhra Pradesh,17.9848,84.4645,666.9,3.1,0.3,0.251,0.137,24.9,0.471,328.5,17.4,20.29,616.24,3.09,18.1,14.0,kodurite_archean,0.209
Goa,15.4147,73.8375,188.2,14.0,2.83,0.566,0.221,27.9,0.472,163.2,43.0,1.6,844.92,2.5,18.7,9.7,laterite,0.219
Karnataka,18.3517,76.8285,793.5,33.4,2.09,0.479,-0.298,22.6,0.663,550.8,15.8,2.35,390.92,1.7,16.7,12.8,archean,0.322
Odisha,21.5218,85.3807,455.3,22.6,2.52,0.407,0.085,37.3,0.529,1015.7,11.6,6.58,538.32,5.13,31.5,24.7,gondite_archean,0.474
Jharkhand,23.1584,85.0845,569.4,10.3,0.29,0.643,-0.135,34.7,0.606,481.1,13.3,29.18,526.04,4.59,12.0,26.9,archean,0.467
Goa,15.5396,74.0019,789.9,7.2,1.72,0.72,0.075,35.1,0.559,509.5,8.7,1.49,822.96,1.6,29.4,5.9,laterite,0.253
Maharashtra,20.0033,78.8852,384.9,6.8,0.5,0.694,0.299,24.6,0.552,748.9,28.2,4.95,129.28,3.65,28.5,26.3,gondite_archean,0.456
Maharashtra,20.5874,79.2744,827.2,34.0,0.69,0.284,0.015,23.5,0.798,472.1,-13.0,6.25,65.43,4.85,32.1,22.9,gondite_archean,0.484
Odisha,19.567,84.1003,551.9,24.9,0.77,0.551,-0.191,31.8,0.472,1133.6,13.1,42.47,477.42,3.49,30.1,24.3,gondite_archean,0.41
Goa,15.4886,74.1579,709.6,9.9,0.33,0.151,-0.09,25.9,0.454,193.6,36.2,0.83,816.72,4.46,16.0,6.1,laterite,0.111
Madhya Pradesh,23.4248,78.257,447.4,14.2,2.56,0.282,0.141,34.1,0.511,441.7,21.5,5.09,267.07,4.42,27.1,30.4,gondite_archean,0.427
Odisha,22.3055,86.8422,867.1,29.5,1.22,0.194,0.041,30.9,0.301,802.8,111.3,13.94,688.84,5.12,36.5,22.1,gondite_archean,0.57
Odisha,22.066,85.863,236.2,7.5,2.79,0.169,-0.022,27.0,0.608,970.6,50.0,3.58,586.89,4.91,31.1,23.8,gondite_archean,0.508
Karnataka,13.5215,76.1475,672.9,4.7,0.96,0.178,-0.041,35.2,0.647,848.8,-0.6,1.49,903.82,4.63,21.9,37.4,archean,0.363
Karnataka,13.9076,75.3459,312.6,4.2,1.17,0.172,-0.188,33.9,0.721,896.2,-1.8,10.1,897.7,3.68,25.7,15.5,archean,0.308
Odisha,21.3039,85.9927,353.7,19.3,2.13,0.403,0.212,34.3,0.58,657.4,46.7,25.15,603.64,2.51,29.9,28.7,gondite_archean,0.382
Madhya Pradesh,21.3999,78.3942,101.1,12.0,0.82,0.733,0.136,27.6,0.467,787.5,15.8,1.92,77.26,6.12,28.4,32.8,gondite_archean,0.617
Madhya Pradesh,24.2454,81.4552,510.2,11.4,1.49,0.262,0.082,30.0,0.553,764.3,63.5,6.68,301.61,4.43,20.8,30.9,gondite_archean,0.379
Madhya Pradesh,21.177,77.9464,336.8,12.1,2.89,0.26,-0.113,30.2,0.814,731.4,64.8,10.9,118.62,3.93,32.5,10.6,gondite_archean,0.432
Andhra Pradesh,17.5665,83.1168,643.5,20.2,1.42,0.474,-0.181,28.9,0.583,510.8,32.0,8.27,541.06,1.69,17.4,22.0,kodurite_archean,0.229
Karnataka,14.4202,75.7731,596.9,6.6,2.57,0.637,-0.014,35.6,0.351,503.8,84.1,6.7,826.52,4.68,29.0,15.6,archean,0.522
Karnataka,14.0059,76.9294,248.1,22.3,0.69,0.188,-0.102,25.7,0.543,402.3,13.4,0.06,826.68,2.97,22.2,3.5,archean,0.249
Madhya Pradesh,24.0898,75.473,772.3,5.1,0.8,0.172,-0.216,36.7,0.408,618.6,36.5,25.7,494.61,4.94,30.6,25.5,gondite_archean,0.471
Andhra Pradesh,18.6954,83.193,719.5,9.9,1.12,0.215,0.261,26.7,0.18,601.6,14.2,12.06,461.36,2.57,18.5,24.9,kodurite_archean,0.298
Goa,15.6039,73.9136,810.6,14.2,1.81,0.649,-0.187,34.6,0.358,598.4,15.1,1.51,823.62,3.06,16.3,16.1,laterite,0.184
Madhya Pradesh,23.0339,78.2392,774.8,9.0,1.44,0.243,0.058,26.0,0.517,369.1,21.3,16.01,227.08,6.83,22.9,23.6,gondite_archean,0.536
Odisha,20.8128,86.4963,233.9,10.0,1.45,0.577,-0.074,36.8,0.6,731.3,19.3,9.87,663.43,5.37,24.3,31.8,gondite_archean,0.494
Karnataka,15.8523,76.4798,856.6,26.4,2.25,0.178,0.03,29.5,0.505,704.6,13.7,2.23,650.15,0.96,31.7,20.2,archean,0.305
Madhya Pradesh,21.2913,81.322,423.4,14.4,1.05,0.426,-0.149,28.0,0.657,877.5,49.3,2.9,130.96,5.89,27.1,26.8,gondite_archean,0.472
Madhya Pradesh,22.9353,80.8749,181.3,12.8,1.71,0.637,-0.17,34.8,0.411,699.9,30.8,5.79,145.06,4.75,26.5,18.1,gondite_archean,0.541
Karnataka,14.7888,75.4071,464.7,33.4,2.58,0.237,-0.282,36.9,0.774,1163.7,73.3,12.14,807.38,2.75,13.2,19.2,archean,0.424
Odisha,19.8997,84.2149,713.4,11.0,0.26,0.717,-0.198,22.2,0.468,627.7,57.8,16.91,469.49,4.31,17.7,14.2,gondite_archean,0.35
Odisha,22.3177,84.1534,258.7,17.1,1.58,0.161,-0.211,28.1,0.6,564.8,56.6,4.4,413.5,5.76,32.3,16.2,gondite_archean,0.448
Karnataka,16.8537,74.9394,439.7,1.6,0.29,0.44,-0.121,35.5,0.399,1105.9,26.9,0.33,646.93,0.3,24.2,18.1,archean,0.389
Maharashtra,21.1198,80.0037,459.8,21.8,2.13,0.458,-0.015,32.3,0.452,1182.0,58.5,7.59,37.1,5.64,42.4,36.0,gondite_archean,0.635
Karnataka,13.5709,74.5057,548.0,21.1,2.92,0.367,-0.064,25.2,0.594,374.7,21.4,16.72,972.88,5.53,14.6,15.8,archean,0.318
Jharkhand,23.117,85.7465,811.0,16.4,1.08,0.715,0.21,35.5,0.46,955.2,30.4,1.58,590.42,3.38,22.3,25.5,archean,0.382
Karnataka,12.2587,77.5521,234.9,22.5,0.44,0.718,-0.125,25.6,0.64,835.3,-57.6,0.93,1002.11,2.89,15.7,21.6,archean,0.314
Maharashtra,19.3051,78.8787,269.2,19.9,2.4,0.339,-0.249,29.4,0.527,618.3,56.4,1.99,206.32,3.79,30.7,13.0,gondite_archean,0.394
Jharkhand,23.5781,86.448,248.8,31.9,2.52,0.248,0.223,26.4,0.548,535.2,11.1,3.07,672.66,3.35,16.8,23.8,archean,0.316
Odisha,20.2036,84.1746,559.8,12.2,2.5,0.26,-0.021,22.2,0.514,643.0,37.7,30.43,451.04,4.43,40.2,23.2,gondite_archean,0.4
Maharashtra,19.4768,79.6364,751.4,27.1,2.45,0.678,0.263,28.5,0.728,846.1,14.1,2.01,188.28,3.34,31.4,23.7,gondite_archean,0.555
Odisha,20.2585,85.701,709.7,30.8,2.59,0.729,0.049,36.5,0.69,1065.4,35.2,1.09,598.06,2.54,27.3,17.3,gondite_archean,0.483
Andhra Pradesh,17.5139,83.125,239.5,21.0,0.91,0.305,-0.007,32.4,0.462,494.5,55.6,2.21,546.02,0.3,14.9,16.9,kodurite_archean,0.239
Karnataka,12.8897,77.2504,894.3,14.5,1.95,0.728,0.199,29.4,0.457,540.8,38.3,5.74,939.05,2.0,22.1,11.7,archean,0.346
Maharashtra,20.1406,79.5623,217.1,5.8,1.83,0.741,-0.242,26.6,0.568,992.4,-3.4,2.82,114.83,3.45,38.4,19.6,gondite_archean,0.571
Maharashtra,19.6428,79.7361,468.1,27.6,1.07,0.536,0.229,28.4,0.705,785.6,19.6,3.4,170.06,4.95,35.1,1.5,gondite_archean,0.414
Madhya Pradesh,21.3622,76.028,835.2,23.8,0.24,0.273,0.11,34.2,0.5,942.7,40.7,9.54,318.18,5.47,21.8,23.7,gondite_archean,0.511
Madhya Pradesh,23.9335,78.1259,401.6,32.3,0.3,0.664,-0.162,35.6,0.489,827.7,11.6,17.52,317.12,6.66,26.5,26.4,gondite_archean,0.532
Goa,15.3575,73.8866,138.2,9.4,0.6,0.485,-0.189,22.6,0.23,645.8,10.9,1.62,846.42,1.77,24.7,12.3,laterite,0.266
Odisha,20.3365,83.8272,268.7,9.1,2.77,0.197,-0.044,30.5,0.535,688.6,44.0,4.11,411.93,2.77,39.2,25.9,gondite_archean,0.364
Goa,15.028,74.1846,678.2,33.8,2.81,0.607,0.012,25.3,0.626,472.9,13.7,1.74,855.5,1.79,8.0,13.9,laterite,0.155
Jharkhand,22.7582,85.0192,327.1,5.1,0.49,0.196,0.056,25.0,0.402,848.4,19.8,4.42,509.16,2.99,27.2,29.2,archean,0.33
Odisha,19.7684,85.7819,489.6,27.9,2.77,0.383,0.058,30.0,0.535,850.4,19.7,1.87,624.58,5.63,28.0,27.7,gondite_archean,0.41
Madhya Pradesh,22.2183,79.2591,112.5,3.2,0.48,0.401,0.189,36.2,0.485,869.0,0.2,11.7,105.72,3.59,17.9,14.2,gondite_archean,0.417
Odisha,19.9584,85.694,158.9,7.4,1.15,0.197,-0.185,36.6,0.747,571.5,3.3,15.03,608.31,5.09,39.3,21.8,gondite_archean,0.464
Maharashtra,21.4149,79.5287,479.0,26.7,2.66,0.728,-0.105,34.8,0.555,825.5,2.3,1.59,29.99,5.23,33.1,24.6,gondite_archean,0.494
Madhya Pradesh,21.4226,76.6078,550.4,7.4,2.44,0.733,-0.171,25.0,0.756,720.7,53.1,3.97,258.95,4.57,30.2,21.5,gondite_archean,0.6
Madhya Pradesh,24.4111,79.5109,816.0,24.8,2.26,0.324,-0.118,34.5,0.676,889.1,-5.8,2.29,298.3,4.97,34.6,23.3,gondite_archean,0.401
Odisha,20.4704,84.7303,150.7,34.5,0.29,0.547,-0.077,32.3,0.725,552.5,61.4,0.97,494.53,5.94,23.7,28.4,gondite_archean,0.514
Karnataka,15.0366,77.3193,347.1,11.7,0.37,0.562,0.041,27.6,0.471,727.0,74.8,5.07,705.04,5.95,26.2,10.1,archean,0.501
Odisha,19.9699,85.7379,798.3,14.9,0.67,0.604,0.199,36.1,0.683,840.6,45.1,0.58,612.15,3.83,11.1,18.9,gondite_archean,0.511
Odisha,20.5574,86.2096,124.3,23.9,2.49,0.709,0.226,27.1,0.513,629.5,42.2,2.39,640.21,4.14,27.7,19.6,gondite_archean,0.528
Madhya Pradesh,22.5168,77.6713,875.7,11.1,1.96,0.402,-0.263,29.8,0.654,964.8,7.9,17.54,211.05,7.75,31.7,26.0,gondite_archean,0.545
Karnataka,17.6204,78.204,119.0,2.8,2.88,0.316,0.224,28.2,0.653,565.0,12.5,5.36,403.32,4.12,8.5,38.0,archean,0.442
Karnataka,12.057,74.5069,178.1,4.5,2.17,0.273,0.237,36.9,0.529,306.2,40.4,17.54,1122.57,2.36,23.8,27.0,archean,0.306
Odisha,21.7597,84.9887,896.4,4.3,2.6,0.438,0.196,35.1,0.587,731.2,51.0,23.93,496.54,6.11,29.9,31.0,gondite_archean,0.492
Maharashtra,19.5236,80.3978,148.6,31.5,1.05,0.45,-0.047,24.7,0.424,675.1,24.4,5.37,198.98,3.81,36.2,31.6,gondite_archean,0.488
Maharashtra,20.669,79.3989,651.5,3.4,2.61,0.617,-0.153,34.3,0.657,922.5,52.9,0.04,61.51,6.96,34.4,25.0,gondite_archean,0.55
Odisha,20.044,85.1653,622.9,6.0,0.72,0.273,-0.157,25.6,0.757,556.0,75.2,10.16,553.34,4.07,38.5,34.8,gondite_archean,0.415
Odisha,19.9572,83.9833,205.8,4.9,0.87,0.334,0.277,31.3,0.412,387.5,26.5,1.62,445.08,4.18,24.6,18.6,gondite_archean,0.331
Odisha,20.8695,84.4509,381.5,4.2,1.4,0.74,-0.103,36.0,0.634,1005.0,45.2,11.74,454.28,4.47,33.7,26.8,gondite_archean,0.55
Goa,15.66,74.2219,638.4,11.4,0.3,0.711,0.052,26.8,0.632,473.4,2.5,14.49,797.6,2.16,24.6,1.5,laterite,0.159
Odisha,22.0008,83.806,604.6,18.1,1.67,0.706,-0.281,34.4,0.477,757.8,42.1,0.24,374.75,6.41,32.1,18.8,gondite_archean,0.505
Madhya Pradesh,23.7994,78.884,279.8,21.8,1.96,0.59,0.073,37.5,0.721,1178.7,49.5,0.84,258.98,6.23,24.1,16.0,gondite_archean,0.56
Jharkhand,23.7946,85.0422,786.9,32.3,1.19,0.582,-0.035,32.5,0.367,429.9,1.1,14.23,545.48,2.69,15.3,7.2,archean,0.277
Madhya Pradesh,24.3477,81.0938,235.6,17.1,2.92,0.373,-0.077,25.1,0.677,845.4,25.3,11.76,298.32,5.29,25.9,12.3,gondite_archean,0.488
Goa,15.7947,73.8433,789.8,14.3,1.67,0.699,0.284,26.2,0.407,427.1,-8.6,4.16,812.69,1.3,14.2,1.5,laterite,0.188
Odisha,19.7157,86.0049,412.6,27.0,1.45,0.358,-0.029,34.0,0.629,676.9,39.1,5.06,648.41,4.11,36.4,23.3,gondite_archean,0.52
Goa,15.6057,73.8517,284.9,14.4,0.68,0.447,-0.017,37.3,0.611,354.0,9.1,3.42,827.81,0.3,8.0,1.5,laterite,0.136
Madhya Pradesh,24.4386,74.4798,490.4,27.3,0.62,0.517,-0.156,35.9,0.713,541.2,8.2,7.29,597.45,3.74,22.5,9.3,gondite_archean,0.352
Madhya Pradesh,23.0987,78.5333,623.3,11.5,0.55,0.606,0.21,26.1,0.555,261.2,90.2,0.34,222.46,5.06,26.1,22.9,gondite_archean,0.578
Karnataka,12.9691,78.4401,811.4,27.2,1.35,0.26,0.265,30.5,0.505,576.8,52.0,3.27,912.29,3.02,27.1,16.4,archean,0.342
Karnataka,12.2761,76.3501,435.2,27.5,1.19,0.74,-0.192,31.5,0.548,577.0,9.4,14.42,1028.87,6.68,22.2,14.4,archean,0.382
Maharashtra,21.1323,80.0578,604.9,18.5,2.18,0.385,0.205,32.8,0.508,848.2,85.4,17.32,42.5,3.63,25.9,21.7,gondite_archean,0.62
Goa,15.2771,73.9847,811.0,16.8,1.65,0.35,-0.134,32.5,0.364,534.5,30.8,1.63,846.69,3.59,14.2,1.5,laterite,0.253
Madhya Pradesh,23.6894,80.0635,594.3,27.8,1.14,0.679,0.069,35.2,0.727,484.4,44.5,6.25,210.44,6.39,21.9,30.8,gondite_archean,0.509
Maharashtra,20.7114,78.9343,887.4,29.6,2.41,0.348,0.021,24.2,0.421,805.2,89.0,3.96,51.38,5.44,40.7,22.0,gondite_archean,0.589
Odisha,19.6101,84.1495,712.0,14.8,2.64,0.465,-0.287,33.5,0.53,821.0,31.5,1.47,479.3,6.08,27.1,21.1,gondite_archean,0.517
Andhra Pradesh,17.7862,84.1144,626.0,7.6,1.05,0.229,-0.07,25.3,0.473,452.5,37.3,5.64,600.42,2.39,9.9,34.7,kodurite_archean,0.213
Madhya Pradesh,22.0755,78.2688,207.4,32.7,2.7,0.264,-0.094,31.8,0.546,727.3,20.1,2.31,133.41,5.36,43.2,25.3,gondite_archean,0.451
Madhya Pradesh,21.0646,74.4958,810.5,30.5,1.2,0.685,0.056,34.9,0.444,743.9,1.6,6.4,476.66,1.53,23.2,17.6,gondite_archean,0.55
Karnataka,17.0173,76.5666,587.8,25.6,0.27,0.492,0.231,22.3,0.737,803.7,24.8,3.49,530.51,3.48,24.9,29.6,archean,0.247
Andhra Pradesh,18.6078,83.0303,113.5,17.3,2.6,0.688,0.274,36.1,0.295,930.8,35.3,6.18,453.94,3.3,8.0,12.2,kodurite_archean,0.375
Odisha,22.0108,84.5148,249.3,14.8,2.25,0.729,0.186,37.0,0.691,428.1,50.5,14.08,447.8,4.37,21.3,10.7,gondite_archean,0.454
Madhya Pradesh,22.5515,77.5738,390.2,1.6,1.66,0.351,-0.299,26.9,0.472,476.2,39.0,9.43,220.84,3.06,34.7,25.5,gondite_archean,0.506
Andhra Pradesh,18.1416,83.9032,447.7,15.2,2.33,0.255,-0.097,25.6,0.134,260.1,0.5,6.93,558.29,2.98,23.5,5.4,kodurite_archean,0.265
Andhra Pradesh,18.5948,83.9986,256.9,16.9,2.61,0.452,0.11,31.4,0.411,665.9,-8.4,9.37,534.56,2.46,14.6,29.2,kodurite_archean,0.236
Odisha,20.7467,84.8452,690.7,27.3,1.9,0.164,0.259,33.0,0.44,850.7,5.0,5.03,497.36,5.72,30.2,16.6,gondite_archean,0.425
Goa,15.7364,74.1422,474.3,4.2,2.41,0.195,-0.259,30.6,0.312,374.7,26.1,13.24,796.53,0.32,20.5,1.5,laterite,0.145
Maharashtra,20.5125,79.2843,194.7,27.5,1.22,0.592,0.008,33.8,0.361,981.1,115.1,2.47,73.7,4.41,38.7,20.7,gondite_archean,0.538
Odisha,21.0076,85.4645,370.2,3.4,2.84,0.614,0.203,27.9,0.549,1101.8,30.5,3.39,554.1,4.17,30.9,17.7,gondite_archean,0.396
Madhya Pradesh,21.5249,80.2713,366.0,21.1,2.2,0.683,0.201,31.7,0.507,794.1,-22.8,11.71,32.01,6.22,24.3,8.9,gondite_archean,0.456
Karnataka,15.9185,78.4992,494.4,8.1,0.66,0.175,0.035,30.7,0.598,463.8,6.9,3.37,585.04,4.14,23.4,30.0,archean,0.387
Maharashtra,21.1369,80.3784,564.0,9.1,1.32,0.605,0.091,24.8,0.644,806.7,30.2,2.31,75.63,6.68,34.3,16.3,gondite_archean,0.565
Odisha,20.158,84.4025,552.3,18.1,0.77,0.191,-0.197,37.8,0.692,761.2,39.4,9.81,474.87,6.06,35.0,15.2,gondite_archean,0.534
Odisha,21.8194,83.8498,805.0,11.3,2.03,0.443,-0.08,32.3,0.497,818.3,56.8,13.17,378.85,3.77,17.4,20.3,gondite_archean,0.507
Madhya Pradesh,21.0707,75.2688,613.3,25.4,1.83,0.236,-0.033,27.7,0.691,777.4,36.7,17.68,396.47,4.56,37.7,20.6,gondite_archean,0.503
Odisha,20.8151,83.559,221.3,4.1,0.87,0.21,0.115,22.5,0.457,579.1,46.6,23.23,366.76,4.07,31.9,22.3,gondite_archean,0.469
Odisha,20.5275,83.769,414.4,23.8,1.52,0.38,-0.229,25.9,0.592,574.4,9.0,8.16,398.13,3.62,17.8,15.2,gondite_archean,0.375
Karnataka,15.6339,77.178,121.4,16.8,0.36,0.262,0.036,35.9,0.83,1006.4,-13.4,1.27,645.66,4.01,30.1,23.0,archean,0.394
Maharashtra,21.236,78.6144,577.6,20.3,0.3,0.458,0.066,25.1,0.66,510.3,67.0,3.35,50.23,4.37,32.0,23.8,gondite_archean,0.589
Maharashtra,21.454,79.923,434.6,24.8,3.0,0.576,0.157,37.0,0.491,848.6,22.2,15.22,42.4,7.12,34.6,26.0,gondite_archean,0.47
Odisha,20.5004,85.0453,523.4,16.3,1.58,0.329,-0.205,22.8,0.602,517.4,24.6,0.92,524.81,5.12,26.4,29.5,gondite_archean,0.456
Karnataka,13.882,76.5948,163.3,5.0,0.69,0.615,0.008,22.2,0.525,501.4,73.9,5.72,850.3,3.34,16.4,12.2,archean,0.336
Odisha,20.6361,86.3634,830.3,7.9,1.72,0.532,0.013,28.9,0.554,502.0,71.0,11.54,653.83,3.93,31.9,28.2,gondite_archean,0.641
Andhra Pradesh,17.6464,82.9809,425.2,30.4,2.83,0.746,0.276,22.1,0.675,715.9,5.0,17.85,524.87,2.79,12.6,16.5,kodurite_archean,0.332
Odisha,20.8734,84.8153,562.1,15.9,0.25,0.746,0.026,29.6,0.622,676.2,58.6,2.53,491.0,3.66,31.5,18.4,gondite_archean,0.547
Madhya Pradesh,24.2326,80.2639,244.6,28.2,2.0,0.551,0.199,31.2,0.473,1217.0,24.8,2.83,270.63,5.06,20.6,21.1,gondite_archean,0.488
Odisha,21.325,84.7675,701.8,13.8,1.56,0.394,0.09,27.7,0.761,311.2,60.0,17.71,477.32,5.89,37.5,18.8,gondite_archean,0.556
Karnataka,17.1064,78.1015,274.8,22.3,1.3,0.744,-0.013,25.7,0.653,968.7,-0.8,0.63,461.46,3.88,26.1,21.4,archean,0.41
Odisha,20.1994,86.1506,568.9,27.6,2.29,0.18,0.236,25.6,0.804,930.7,20.9,22.15,644.79,4.48,41.5,27.1,gondite_archean,0.571
Odisha,20.3051,85.1438,161.3,25.0,1.3,0.314,-0.298,33.5,0.571,708.3,66.9,6.64,541.22,5.26,23.5,21.9,gondite_archean,0.461
Madhya Pradesh,24.2137,77.0507,712.2,21.3,2.8,0.389,-0.109,36.2,0.546,777.8,7.5,7.83,399.76,3.99,26.8,36.1,gondite_archean,0.456
Andhra Pradesh,18.5805,84.1599,260.4,31.2,1.1,0.158,0.206,37.1,0.431,271.0,34.1,2.32,548.27,3.43,19.2,19.0,kodurite_archean,0.22
Odisha,21.9258,86.7209,442.0,13.4,2.45,0.468,0.111,32.0,0.585,738.2,59.5,2.68,675.1,3.33,24.5,14.2,gondite_archean,0.487
Goa,15.2459,74.146,702.4,6.2,1.32,0.44,-0.087,27.2,0.632,212.2,26.6,9.89,838.7,1.64,22.2,2.4,laterite,0.198
Andhra Pradesh,17.9282,83.7301,883.3,21.2,2.23,0.417,-0.264,34.8,0.476,264.3,-8.1,3.33,559.15,5.17,8.1,14.7,kodurite_archean,0.109
Madhya Pradesh,21.8327,81.9093,500.7,7.6,1.54,0.67,-0.287,32.9,0.455,528.5,43.0,13.61,178.55,2.64,22.2,25.2,gondite_archean,0.5
Goa,15.5039,74.1704,769.2,2.9,2.37,0.518,-0.258,30.1,0.464,348.9,24.7,1.62,814.56,1.58,10.1,10.4,laterite,0.266
Maharashtra,21.0377,80.2071,161.8,12.7,2.12,0.449,-0.186,30.8,0.651,438.3,2.4,13.28,59.64,4.02,33.9,22.4,gondite_archean,0.474
Karnataka,18.1009,77.1512,775.5,27.0,1.26,0.437,-0.188,26.7,0.557,703.8,22.0,0.72,395.18,5.28,24.2,15.1,archean,0.535
Odisha,22.4692,84.7738,778.5,19.2,0.57,0.629,0.126,30.4,0.468,605.0,39.2,8.53,478.95,5.09,29.8,28.5,gondite_archean,0.405
Madhya Pradesh,23.0871,77.3263,340.0,2.7,2.28,0.598,0.102,32.3,0.555,1057.5,22.7,0.52,281.78,4.1,34.3,18.1,gondite_archean,0.418
Maharashtra,19.5343,79.0344,286.6,18.5,1.1,0.242,-0.028,36.0,0.578,981.2,43.1,1.74,179.75,4.86,27.1,36.4,gondite_archean,0.482
Maharashtra,20.8783,80.3845,418.6,8.0,1.74,0.216,-0.127,25.3,0.452,732.0,40.2,7.54,82.85,4.22,40.2,30.9,gondite_archean,0.484
Odisha,22.0289,86.1142,261.2,12.6,2.91,0.506,0.181,26.2,0.484,907.9,22.1,9.26,612.66,5.22,42.8,33.4,gondite_archean,0.547
Odisha,20.5583,86.5507,347.1,19.6,2.17,0.75,-0.039,28.8,0.607,867.3,31.6,3.13,674.76,6.74,37.1,23.9,gondite_archean,0.484
Jharkhand,23.356,85.8145,120.8,20.2,0.47,0.651,0.152,29.4,0.228,842.3,24.7,2.72,603.77,3.64,24.8,16.3,archean,0.356
Odisha,20.2111,86.2097,292.0,25.8,0.91,0.387,0.29,25.9,0.382,596.1,37.8,3.81,650.31,3.21,36.9,26.0,gondite_archean,0.419
Madhya Pradesh,21.1939,78.9309,648.0,7.7,2.49,0.697,0.188,26.9,0.566,939.3,42.6,3.09,17.21,5.46,31.6,24.1,gondite_archean,0.588
Odisha,21.5467,85.3566,166.6,10.7,1.66,0.661,0.125,32.0,0.331,772.5,32.7,0.23,535.64,3.25,29.4,12.2,gondite_archean,0.414
Madhya Pradesh,22.9239,74.6248,854.5,4.4,2.59,0.15,0.229,22.3,0.548,641.6,70.7,10.72,500.68,3.6,26.6,34.5,gondite_archean,0.451
Karnataka,13.412,77.5364,727.4,32.4,1.25,0.454,-0.082,26.1,0.427,902.6,-19.1,9.98,876.06,1.14,26.5,23.2,archean,0.433
Madhya Pradesh,21.2121,74.7653,130.3,16.5,2.51,0.338,-0.07,36.6,0.542,874.3,62.5,2.48,448.44,4.08,24.0,17.0,gondite_archean,0.48
Odisha,20.0432,85.7119,592.6,19.7,0.9,0.373,-0.242,25.6,0.639,826.8,31.0,45.86,606.81,4.62,33.2,17.5,gondite_archean,0.41
Madhya Pradesh,22.5277,76.0044,367.6,12.6,2.89,0.629,-0.025,25.2,0.387,697.7,47.7,1.89,353.4,5.64,25.8,9.4,gondite_archean,0.467
Madhya Pradesh,22.5807,77.4797,189.6,5.8,2.5,0.682,-0.159,23.8,0.576,667.1,17.2,9.11,230.05,6.36,29.5,23.1,gondite_archean,0.517
Odisha,20.3199,84.542,548.6,9.8,0.4,0.588,-0.121,29.2,0.725,831.3,30.5,6.67,481.6,4.49,37.0,26.9,gondite_archean,0.533
Karnataka,14.3767,74.6819,571.4,25.5,2.37,0.24,-0.034,24.8,0.406,750.4,24.1,2.76,885.89,3.37,24.3,27.2,archean,0.362
Odisha,22.456,85.5584,305.2,20.2,0.42,0.63,0.255,36.0,0.507,523.0,9.2,0.29,558.75,5.13,44.0,28.2,gondite_archean,0.491
Odisha,19.529,83.7566,278.7,2.1,1.61,0.338,-0.192,34.0,0.637,578.4,42.7,21.73,449.67,1.67,31.4,18.1,gondite_archean,0.432
Odisha,20.693,85.8809,812.6,2.4,0.4,0.345,-0.16,26.2,0.691,650.7,23.6,1.12,603.47,3.65,26.9,20.4,gondite_archean,0.458
Andhra Pradesh,18.1123,83.0256,560.6,29.0,2.38,0.684,0.257,25.8,0.439,501.8,6.7,3.67,490.44,3.31,19.2,15.4,kodurite_archean,0.246
Karnataka,13.1222,75.5089,802.1,15.8,0.97,0.504,-0.215,26.2,0.51,347.5,35.7,9.09,970.22,5.03,24.8,10.3,archean,0.295
Odisha,21.9309,86.1596,487.5,19.3,0.37,0.483,0.175,31.2,0.663,538.5,55.5,5.35,617.2,1.75,40.2,16.4,gondite_archean,0.474
Maharashtra,21.1391,79.4342,768.0,7.0,0.65,0.544,0.222,36.3,0.65,857.5,93.0,3.22,22.64,4.78,44.3,11.3,gondite_archean,0.724
Jharkhand,23.1434,86.8756,106.1,20.5,2.21,0.597,0.243,22.1,0.502,356.2,29.7,3.82,703.93,2.07,21.3,16.6,archean,0.351
Jharkhand,23.584,86.9867,874.6,17.6,2.15,0.216,-0.035,34.9,0.348,1039.9,30.0,10.96,725.82,3.71,19.8,8.8,archean,0.334
Andhra Pradesh,18.1267,84.0006,538.4,14.0,2.47,0.501,-0.066,23.8,0.427,696.8,33.1,1.32,567.45,2.48,28.8,19.7,kodurite_archean,0.321
Madhya Pradesh,23.6513,80.7282,709.5,13.0,2.99,0.411,-0.285,27.8,0.754,753.0,36.8,9.33,213.4,5.15,17.9,21.2,gondite_archean,0.481
Odisha,19.7292,86.2246,155.9,19.9,0.89,0.296,0.294,34.1,0.591,1018.7,47.1,23.38,669.25,5.65,35.5,11.0,gondite_archean,0.437
Andhra Pradesh,18.9697,83.4875,412.5,17.0,2.59,0.537,-0.273,30.7,0.66,443.9,-33.9,12.82,466.75,0.4,16.6,15.7,kodurite_archean,0.254
Odisha,20.2022,86.4054,643.6,9.0,1.26,0.454,0.017,36.2,0.652,735.0,78.5,21.3,670.16,4.0,30.7,11.9,gondite_archean,0.602
Goa,15.0899,74.0259,253.9,31.4,2.9,0.437,-0.238,34.6,0.327,219.5,43.6,17.47,860.3,1.56,20.4,1.5,laterite,0.193
Madhya Pradesh,22.5387,76.4175,153.7,9.6,0.75,0.475,0.061,31.7,0.403,407.7,36.2,35.23,316.1,6.14,39.4,16.4,gondite_archean,0.448
Andhra Pradesh,18.9137,84.4946,325.7,20.6,1.46,0.488,-0.206,35.7,0.419,488.6,38.5,2.63,552.5,2.75,14.8,21.1,kodurite_archean,0.253
Maharashtra,20.6142,79.6188,136.6,32.7,1.96,0.746,0.022,33.4,0.579,673.6,57.0,11.76,61.89,5.42,33.4,24.2,gondite_archean,0.498
Jharkhand,22.203,85.9955,442.4,12.1,2.01,0.229,0.13,37.7,0.672,733.9,36.6,3.57,601.19,3.26,9.8,12.2,archean,0.402
Maharashtra,20.3877,78.7176,845.7,16.4,2.26,0.451,0.063,26.8,0.584,499.4,-13.3,8.93,93.19,3.04,32.9,22.7,gondite_archean,0.384
Odisha,20.2077,83.6807,897.0,26.0,0.44,0.162,0.132,29.0,0.349,532.7,48.2,12.19,404.22,4.63,34.7,14.1,gondite_archean,0.495
Karnataka,16.7753,78.2111,603.2,27.9,0.68,0.277,0.019,24.8,0.351,842.0,43.5,4.99,495.15,3.72,28.1,11.4,archean,0.313
Andhra Pradesh,18.7672,83.0172,360.5,9.0,2.74,0.452,0.094,28.6,0.398,239.9,55.6,3.32,441.81,3.75,30.2,11.5,kodurite_archean,0.264
Karnataka,14.6988,77.0147,831.6,2.2,0.88,0.266,0.001,28.9,0.411,822.1,52.3,19.32,750.15,3.3,24.0,21.0,archean,0.387
Odisha,21.4108,86.1126,842.1,23.0,2.92,0.357,-0.09,30.7,0.579,961.2,59.3,10.99,614.81,4.9,18.6,14.8,gondite_archean,0.48
Odisha,21.7665,83.5333,867.2,18.5,2.95,0.185,0.05,27.6,0.511,983.1,54.5,3.76,346.26,3.94,31.1,20.7,gondite_archean,0.405
Karnataka,12.3686,76.8524,705.0,15.1,1.38,0.203,-0.179,24.5,0.614,1214.4,-14.6,23.8,1005.02,3.22,20.9,31.2,archean,0.543
Andhra Pradesh,17.8083,82.5815,637.8,12.7,0.25,0.301,-0.114,31.9,0.432,268.8,-54.7,29.18,483.86,0.6,27.8,19.6,kodurite_archean,0.095
Andhra Pradesh,18.8439,82.9774,259.4,17.9,2.72,0.343,0.091,33.3,0.202,576.9,53.2,4.12,433.29,2.32,22.1,10.9,kodurite_archean,0.33
Maharashtra,19.6445,78.9902,671.8,18.7,2.11,0.312,0.059,29.1,0.368,928.1,60.4,2.41,167.73,5.31,40.5,13.1,gondite_archean,0.579
Maharashtra,19.982,79.2897,303.9,6.3,2.14,0.206,0.263,35.2,0.685,1003.1,31.1,1.38,131.53,5.99,39.0,27.5,gondite_archean,0.479
Odisha,22.0135,84.0937,657.9,8.6,0.39,0.439,-0.198,33.7,0.473,539.7,-4.2,3.8,404.44,5.19,28.6,25.2,gondite_archean,0.416
Karnataka,15.5273,75.9897,731.9,2.3,1.41,0.379,0.089,37.5,0.449,724.9,29.0,2.88,705.59,0.91,19.6,18.0,archean,0.276
Karnataka,12.797,75.6845,809.1,11.3,2.2,0.517,-0.044,25.8,0.667,310.9,-0.6,0.99,996.78,2.2,24.1,26.1,archean,0.332
Andhra Pradesh,18.3204,83.4616,839.7,25.5,0.51,0.257,0.172,35.4,0.751,940.4,61.4,8.0,509.39,4.62,15.9,21.9,kodurite_archean,0.438
Karnataka,13.0462,76.1374,629.3,22.5,1.27,0.518,0.188,22.4,0.709,599.9,80.1,5.82,954.07,3.81,19.7,18.9,archean,0.406
Odisha,22.3911,86.8138,368.9,22.8,1.69,0.639,0.076,22.0,0.43,936.3,59.2,5.7,686.56,7.62,34.6,15.1,gondite_archean,0.515
Goa,15.5956,73.8528,885.4,25.9,2.58,0.179,0.003,33.2,0.68,523.1,-1.7,15.11,828.59,2.99,15.0,1.8,laterite,0.161
Karnataka,17.2343,77.1125,449.4,23.2,0.35,0.258,0.076,32.3,0.469,561.8,63.5,10.26,482.37,3.13,25.3,20.8,archean,0.284
Madhya Pradesh,24.4953,75.6095,518.6,12.8,1.67,0.289,-0.271,31.2,0.437,673.9,30.0,24.04,515.32,4.33,35.2,24.3,gondite_archean,0.486
Karnataka,15.7306,76.4672,686.6,20.3,0.96,0.237,0.064,29.8,0.5,617.5,8.2,5.79,663.02,4.37,22.1,9.7,archean,0.386
Andhra Pradesh,18.2399,83.4967,881.3,33.2,1.2,0.234,-0.105,22.5,0.463,455.8,86.8,0.05,517.93,2.84,16.1,20.0,kodurite_archean,0.316
Odisha,19.9732,85.6967,820.7,25.4,1.18,0.502,-0.114,38.0,0.668,909.6,73.6,4.4,607.99,2.49,38.3,21.4,gondite_archean,0.508
Goa,15.501,73.842,808.0,10.1,0.88,0.328,0.046,30.7,0.659,405.6,36.0,1.54,837.3,0.61,21.9,14.9,laterite,0.204
Maharashtra,19.1995,80.2031,144.4,6.1,1.82,0.594,-0.254,36.7,0.799,795.1,46.8,5.25,226.59,3.41,41.4,28.0,gondite_archean,0.548
Jharkhand,23.8541,85.5249,286.0,11.1,1.44,0.339,-0.075,31.9,0.615,835.9,90.1,0.43,593.42,4.35,26.5,9.8,archean,0.633
Andhra Pradesh,18.3064,83.5337,824.1,27.9,2.75,0.281,0.015,35.5,0.473,547.8,10.6,1.62,516.29,2.78,27.0,16.2,kodurite_archean,0.18
Maharashtra,20.5846,79.3545,819.5,18.7,1.62,0.187,0.253,24.8,0.728,806.2,42.0,2.2,68.61,2.56,36.6,32.7,gondite_archean,0.602
Madhya Pradesh,22.3455,79.1849,826.6,15.2,1.08,0.383,-0.039,23.2,0.664,50.0,10.6,7.1,119.13,6.18,18.2,18.3,gondite_archean,0.414
Jharkhand,23.4117,85.6719,217.7,5.9,0.67,0.177,0.241,30.7,0.625,766.8,36.6,27.35,591.5,3.31,25.7,18.4,archean,0.338
Maharashtra,20.7168,80.3117,398.3,20.9,0.23,0.349,-0.263,30.3,0.58,676.5,52.4,6.0,85.22,4.1,32.9,16.2,gondite_archean,0.5
Madhya Pradesh,21.1097,74.8537,540.0,21.1,0.28,0.494,0.203,33.6,0.591,577.0,33.2,15.47,439.39,4.6,30.9,27.1,gondite_archean,0.552
Andhra Pradesh,18.4937,83.1555,400.8,31.5,0.25,0.569,0.273,33.3,0.599,422.4,-26.9,2.99,472.19,1.57,9.9,27.5,kodurite_archean,0.16
Andhra Pradesh,17.9456,82.9274,633.5,23.8,2.72,0.16,0.212,30.3,0.378,555.5,-20.1,2.35,496.42,1.73,27.9,17.1,kodurite_archean,0.261
Madhya Pradesh,22.4956,81.7817,548.2,9.6,0.84,0.517,0.014,22.1,0.742,885.9,59.8,8.67,182.19,4.25,24.0,16.5,gondite_archean,0.481
Karnataka,14.3129,77.2289,873.1,13.3,0.37,0.689,-0.277,37.2,0.575,693.9,-44.8,3.22,785.35,2.09,19.3,22.3,archean,0.413
Karnataka,18.0111,75.1679,313.9,3.1,2.43,0.523,-0.111,24.6,0.633,339.2,21.4,2.4,539.07,3.06,31.5,16.6,archean,0.237
Odisha,19.8606,86.5461,851.5,3.7,1.18,0.725,-0.25,32.3,0.411,758.8,43.9,19.41,695.78,4.28,39.7,25.9,gondite_archean,0.549
Andhra Pradesh,18.5281,83.568,289.6,26.3,1.53,0.327,0.181,33.1,0.617,259.9,35.0,18.71,504.15,2.57,15.4,12.9,kodurite_archean,0.299
Jharkhand,23.7015,85.5892,106.0,11.1,0.99,0.684,0.28,23.1,0.825,358.0,23.0,3.05,593.55,2.0,34.3,22.2,archean,0.363
Andhra Pradesh,18.5178,84.2781,459.5,31.4,2.62,0.413,-0.071,36.9,0.52,583.6,21.4,12.76,562.24,1.01,21.3,12.6,kodurite_archean,0.225
Maharashtra,20.835,79.0709,338.1,16.9,0.26,0.624,-0.11,35.7,0.629,996.7,43.1,4.71,35.08,1.85,39.9,19.0,gondite_archean,0.639
Odisha,19.9231,86.9206,570.2,18.3,1.66,0.279,0.131,23.4,0.552,1130.3,83.8,19.64,730.73,3.04,31.9,16.1,gondite_archean,0.505
Odisha,19.5933,85.2965,167.6,17.0,2.81,0.582,-0.254,25.6,0.645,842.0,79.3,25.33,585.99,7.35,35.2,25.2,gondite_archean,0.609
Madhya Pradesh,22.1255,78.562,289.3,5.9,1.25,0.594,0.25,29.3,0.317,624.9,45.4,18.79,121.43,6.37,29.7,17.4,gondite_archean,0.527
Madhya Pradesh,24.3617,74.7171,646.4,33.7,1.04,0.667,0.26,34.0,0.474,549.3,48.0,3.48,573.15,5.81,28.3,20.6,gondite_archean,0.515
Maharashtra,21.0717,79.9919,604.5,15.5,2.73,0.541,-0.061,23.3,0.588,855.4,-6.7,2.58,37.11,4.69,25.2,25.2,gondite_archean,0.483
Karnataka,15.7301,75.0895,359.7,14.9,2.46,0.612,-0.166,31.9,0.53,779.5,52.6,10.21,735.59,3.82,35.4,27.5,archean,0.478
Maharashtra,19.5854,79.2425,217.8,18.2,1.48,0.748,0.067,34.6,0.668,975.6,26.2,7.64,174.7,3.09,40.5,36.7,gondite_archean,0.596
Madhya Pradesh,24.2032,81.1862,876.8,23.7,2.92,0.649,-0.138,28.8,0.493,1111.9,65.4,14.29,286.38,3.5,27.9,23.2,gondite_archean,0.403
Odisha,20.1388,84.9322,893.4,1.0,0.75,0.263,0.13,27.6,0.515,546.6,34.9,4.15,526.82,4.6,25.7,22.7,gondite_archean,0.424
Madhya Pradesh,23.5339,77.3481,405.2,4.3,1.67,0.459,-0.019,33.8,0.622,916.5,47.0,0.67,319.92,3.19,22.1,32.6,gondite_archean,0.397
Odisha,21.1119,86.7313,577.1,34.0,0.58,0.491,0.179,30.4,0.708,813.8,17.6,7.57,682.23,5.68,36.2,26.9,gondite_archean,0.584
Odisha,20.7127,86.2165,862.7,3.7,1.7,0.338,-0.165,30.1,0.633,886.1,1.7,3.26,637.08,6.96,40.0,24.3,gondite_archean,0.548
Maharashtra,19.9727,80.0032,409.4,31.6,0.7,0.325,0.031,27.1,0.649,725.4,-29.9,15.52,138.12,1.6,36.6,18.2,gondite_archean,0.336
Karnataka,16.8497,74.9842,277.3,13.9,1.21,0.385,0.176,27.2,0.803,667.2,48.0,6.34,644.09,1.78,33.2,17.4,archean,0.441
Madhya Pradesh,23.1321,81.0005,754.1,21.5,2.31,0.41,0.028,23.0,0.522,905.8,-2.3,7.24,170.44,4.54,36.8,34.5,gondite_archean,0.495
Karnataka,15.9552,78.0911,421.2,14.1,0.21,0.518,-0.282,30.1,0.547,934.5,50.4,2.51,587.15,2.09,29.3,29.3,archean,0.488
Maharashtra,19.6417,79.3887,627.3,16.0,2.15,0.53,-0.231,34.5,0.691,961.0,70.4,1.35,170.57,3.61,25.4,15.5,gondite_archean,0.479
Andhra Pradesh,18.4573,83.6309,280.8,32.2,0.74,0.627,0.28,33.6,0.392,386.5,-11.8,13.51,514.16,3.37,17.8,1.5,kodurite_archean,0.275
Odisha,21.003,84.7257,717.5,22.2,1.53,0.618,-0.159,34.1,0.659,691.3,72.6,32.05,478.86,6.46,23.5,29.2,gondite_archean,0.562
Odisha,21.7903,86.2115,637.4,10.9,1.57,0.216,-0.017,25.9,0.44,690.2,39.9,4.04,622.7,5.58,44.7,26.2,gondite_archean,0.482
Odisha,19.579,86.9647,323.1,32.4,2.99,0.51,-0.28,23.3,0.553,275.2,26.0,7.45,747.63,5.43,30.8,35.3,gondite_archean,0.48
Goa,15.1175,73.9149,185.9,5.7,1.64,0.343,-0.046,37.7,0.457,178.7,2.2,6.0,865.23,0.66,17.2,10.9,laterite,0.123
Odisha,20.19,85.6633,153.9,16.8,1.91,0.403,-0.289,37.8,0.484,1030.8,23.4,3.15,596.68,1.42,28.2,27.7,gondite_archean,0.429
Maharashtra,19.3636,79.6823,813.8,24.8,0.62,0.671,-0.119,29.3,0.702,797.7,-30.9,7.43,200.9,7.19,38.8,21.8,gondite_archean,0.488
Goa,15.0614,74.1048,645.4,18.2,2.14,0.254,0.212,24.2,0.329,276.0,5.4,6.3,857.67,2.07,19.0,9.0,laterite,0.241
Goa,15.3827,74.0806,576.9,14.9,2.55,0.261,0.033,33.6,0.708,447.2,-8.1,18.94,831.09,0.3,17.1,10.4,laterite,0.244
Madhya Pradesh,24.4772,77.6457,671.2,27.9,1.58,0.664,0.028,28.6,0.572,732.2,16.4,10.59,394.65,4.3,29.1,15.1,gondite_archean,0.435
Maharashtra,21.4005,79.7819,593.7,19.8,0.45,0.588,0.061,32.6,0.58,827.3,39.1,0.92,29.04,4.71,43.1,20.5,gondite_archean,0.595
Karnataka,14.3978,74.9225,685.8,11.9,0.94,0.541,0.035,27.8,0.491,392.1,49.5,12.67,870.71,2.24,22.3,23.9,archean,0.413
Odisha,19.8487,86.4344,721.3,12.1,2.04,0.224,0.004,22.3,0.476,744.3,-25.6,4.7,685.2,3.44,30.6,19.0,gondite_archean,0.366
Maharashtra,19.9237,79.3465,551.1,33.3,0.5,0.17,0.065,37.2,0.719,778.2,45.5,5.05,138.95,5.51,46.4,28.3,gondite_archean,0.568
Maharashtra,20.2422,79.4237,611.7,16.5,1.48,0.16,-0.196,29.8,0.493,943.4,-14.9,0.89,105.82,4.9,35.5,19.2,gondite_archean,0.409
Madhya Pradesh,23.9229,75.5402,667.5,3.1,2.77,0.199,0.249,29.9,0.466,867.9,37.2,37.15,477.44,3.37,29.7,45.0,gondite_archean,0.469
Karnataka,15.7017,74.5749,669.0,25.2,0.52,0.492,0.041,32.9,0.546,515.4,30.2,11.87,770.49,0.64,21.1,21.5,archean,0.353
Odisha,22.0587,85.9589,719.2,10.6,1.01,0.694,-0.084,23.0,0.57,585.9,44.9,12.74,596.75,5.64,33.4,19.8,gondite_archean,0.514
Karnataka,17.0346,76.1694,877.9,26.0,0.24,0.678,-0.24,24.2,0.596,741.5,-16.6,3.46,550.94,3.41,17.4,10.8,archean,0.396
Goa,15.2457,73.8933,770.9,26.2,2.81,0.249,-0.213,30.7,0.271,337.5,69.1,7.31,855.57,1.39,10.0,1.5,laterite,0.267
Maharashtra,20.128,79.1672,342.9,15.0,0.26,0.551,0.207,27.7,0.489,704.8,72.7,2.78,113.93,3.53,23.3,33.3,gondite_archean,0.491
Maharashtra,20.53,78.7396,230.7,22.8,2.48,0.36,0.057,24.7,0.467,676.5,73.5,13.55,77.97,5.6,37.5,16.0,gondite_archean,0.492
Jharkhand,23.4347,86.6681,110.5,13.1,2.28,0.197,0.04,28.9,0.448,593.0,-4.1,2.6,690.23,3.87,21.5,25.6,archean,0.419
Goa,15.02,74.0241,588.6,11.8,2.36,0.733,0.266,26.3,0.353,132.0,4.5,9.82,866.58,0.3,12.5,6.2,laterite,0.115
Madhya Pradesh,21.4308,77.7728,601.9,29.9,0.84,0.64,-0.159,32.8,0.443,745.0,15.0,1.55,140.0,5.42,35.8,13.1,gondite_archean,0.452
Odisha,20.9149,85.0003,287.1,2.8,1.4,0.623,0.129,35.8,0.493,741.8,-3.1,3.49,508.76,5.81,28.9,16.8,gondite_archean,0.597
Odisha,22.4897,85.4304,660.4,14.8,1.73,0.716,-0.2,26.7,0.608,685.2,41.7,4.17,546.13,2.03,34.7,33.2,gondite_archean,0.451
Karnataka,14.725,75.6649,746.0,17.4,2.03,0.264,0.02,27.1,0.416,961.3,32.3,11.72,800.94,4.77,19.0,20.1,archean,0.408
Odisha,21.5391,83.8672,797.7,18.6,1.28,0.184,-0.072,36.5,0.557,698.7,34.3,4.47,382.11,5.37,24.6,38.8,gondite_archean,0.507
Odisha,20.1329,84.7958,747.0,10.2,2.67,0.183,0.265,31.0,0.583,539.3,74.5,12.19,513.84,5.88,29.5,22.8,gondite_archean,0.577
Madhya Pradesh,21.4546,80.7255,729.6,23.3,1.51,0.729,0.227,32.3,0.727,477.9,-8.9,2.93,68.22,6.25,36.6,8.9,gondite_archean,0.422
Maharashtra,20.3287,78.6354,394.7,31.1,2.31,0.344,0.263,23.2,0.501,774.8,33.6,3.56,102.84,6.35,35.4,19.7,gondite_archean,0.582
Karnataka,12.9632,74.6902,613.0,3.2,2.25,0.473,-0.181,30.6,0.49,400.3,24.3,1.29,1023.22,4.83,20.1,23.2,archean,0.356
Karnataka,17.5343,77.3344,126.3,11.1,2.64,0.161,0.027,33.6,0.725,929.4,44.6,10.35,442.21,4.2,28.4,11.0,archean,0.512
Karnataka,16.6587,78.0052,317.8,12.6,2.81,0.497,-0.193,32.6,0.425,793.9,30.6,17.61,512.27,4.38,22.3,17.7,archean,0.269
Maharashtra,21.3928,79.8819,809.5,16.4,2.36,0.656,0.127,30.1,0.538,1072.9,61.4,2.33,34.51,6.93,32.4,27.9,gondite_archean,0.704
Madhya Pradesh,24.0858,77.5914,148.9,29.7,2.09,0.66,-0.217,22.5,0.618,872.1,20.7,8.81,360.86,5.02,26.5,28.6,gondite_archean,0.416
Odisha,22.1761,86.5421,898.3,20.9,2.3,0.272,0.101,32.4,0.309,847.4,65.5,3.83,657.26,4.71,29.0,19.4,gondite_archean,0.345
Maharashtra,21.2794,80.1509,460.5,14.2,0.87,0.373,-0.233,37.5,0.436,820.9,54.9,6.09,53.32,1.82,35.2,16.7,gondite_archean,0.581
Odisha,20.44,84.9622,227.6,18.2,0.44,0.178,0.012,26.0,0.386,747.4,16.7,19.73,518.54,5.57,34.9,26.0,gondite_archean,0.518
Karnataka,13.1807,77.2466,896.0,16.9,2.23,0.447,-0.041,28.6,0.244,676.0,42.4,17.16,907.49,3.47,27.1,17.4,archean,0.275
Maharashtra,19.7617,78.6059,398.9,25.5,1.12,0.528,0.096,33.7,0.432,748.9,61.3,1.46,162.4,3.61,23.3,29.4,gondite_archean,0.446
Maharashtra,20.8293,80.1236,726.6,24.2,1.43,0.74,0.041,25.2,0.683,559.9,32.7,3.79,62.07,5.05,26.7,30.4,gondite_archean,0.503
Odisha,21.7668,84.075,831.1,13.5,2.08,0.285,-0.156,31.2,0.519,1081.2,46.9,11.34,402.18,3.75,43.1,23.9,gondite_archean,0.562
Jharkhand,23.6387,85.0886,356.5,20.4,2.22,0.48,0.172,26.5,0.733,797.8,54.4,0.43,543.34,0.96,23.8,14.9,archean,0.488
Andhra Pradesh,18.7789,82.8443,489.0,26.0,2.37,0.621,-0.163,25.1,0.336,815.4,31.1,3.08,426.74,2.6,16.3,11.0,kodurite_archean,0.25
Odisha,20.4447,85.5744,386.7,1.7,0.47,0.324,0.096,23.6,0.439,812.2,24.6,0.56,579.42,3.87,28.8,36.0,gondite_archean,0.433
Maharashtra,19.7644,79.3168,341.3,3.7,2.83,0.479,0.173,32.5,0.463,602.5,39.2,8.23,155.87,4.13,27.5,30.8,gondite_archean,0.503
Maharashtra,20.6788,78.7981,376.9,2.5,2.21,0.722,-0.142,23.4,0.699,764.2,23.4,29.28,60.53,4.59,33.3,23.0,gondite_archean,0.52
Karnataka,14.9968,77.8383,627.6,3.0,2.88,0.239,0.147,32.2,0.616,569.8,18.1,16.34,696.86,5.37,19.4,31.4,archean,0.369
Karnataka,13.868,75.9535,787.3,16.9,0.8,0.711,0.178,22.9,0.463,536.7,54.4,2.19,875.26,3.92,19.9,11.4,archean,0.32
Odisha,21.5366,86.2268,500.7,13.4,1.41,0.383,0.276,34.3,0.602,679.4,6.7,6.28,625.51,3.65,45.3,26.1,gondite_archean,0.515
Karnataka,17.5538,77.5044,722.9,33.5,0.95,0.311,0.233,34.4,0.4,731.7,-1.7,1.1,433.09,3.02,20.4,17.0,archean,0.267
Goa,15.256,73.967,771.9,23.0,2.19,0.532,0.268,25.3,0.379,769.6,33.5,8.37,849.71,1.55,21.3,16.4,laterite,0.199
Madhya Pradesh,21.0461,79.8899,685.8,6.6,2.88,0.284,-0.025,23.8,0.364,1051.2,64.7,0.08,28.45,3.89,29.6,31.5,gondite_archean,0.557
Odisha,19.6519,86.591,773.0,12.8,1.93,0.444,0.28,37.2,0.585,764.4,41.2,14.22,708.14,3.44,32.2,33.5,gondite_archean,0.533
Odisha,20.6823,85.5948,399.3,13.7,0.57,0.714,0.15,22.0,0.653,951.7,14.0,12.04,574.75,7.37,24.5,20.3,gondite_archean,0.472
Karnataka,14.8732,75.2689,460.0,6.3,1.77,0.548,-0.263,35.9,0.573,548.6,12.8,8.66,806.34,2.92,8.0,20.7,archean,0.309
Madhya Pradesh,21.4738,76.992,748.3,20.3,0.5,0.374,-0.154,30.3,0.534,1015.6,60.3,6.87,220.3,4.31,17.9,25.1,gondite_archean,0.565
Karnataka,18.4395,78.0276,699.7,19.3,1.49,0.261,-0.117,34.4,0.747,863.0,25.7,1.28,321.23,5.87,25.9,26.0,archean,0.444
Jharkhand,22.2317,85.2599,204.3,24.2,1.24,0.59,-0.057,32.0,0.553,965.3,7.1,4.23,525.84,3.11,10.8,34.7,archean,0.356
Maharashtra,19.9882,78.9652,374.3,3.4,1.13,0.426,0.273,27.0,0.696,741.4,45.6,1.7,129.84,7.16,35.7,8.1,gondite_archean,0.508
Maharashtra,20.2779,78.8207,815.6,11.0,2.25,0.618,0.278,30.0,0.373,998.9,28.3,4.61,100.94,7.06,14.8,36.8,gondite_archean,0.53
Maharashtra,21.3358,80.0604,615.1,5.0,1.25,0.233,0.229,34.0,0.449,925.9,69.2,5.66,46.36,3.93,28.9,24.9,gondite_archean,0.486
Odisha,21.6063,85.9229,467.4,5.6,1.08,0.342,0.12,23.8,0.622,910.8,53.2,8.83,593.67,3.4,26.9,26.2,gondite_archean,0.454
Karnataka,17.1588,77.4517,840.4,3.0,0.23,0.569,-0.132,27.3,0.447,472.7,31.6,8.23,475.98,4.43,16.4,16.5,archean,0.374
Goa,15.4246,74.2615,266.2,21.6,1.33,0.615,0.064,29.9,0.414,567.9,22.5,7.83,815.41,0.3,14.3,1.5,laterite,0.161
Jharkhand,23.4529,86.8301,343.1,26.2,2.2,0.327,0.03,32.0,0.485,919.6,26.9,14.31,706.77,3.47,24.5,2.3,archean,0.338
Andhra Pradesh,18.2353,82.9927,505.9,5.8,2.14,0.352,-0.144,37.3,0.552,642.0,43.6,11.39,478.44,2.71,22.5,17.7,kodurite_archean,0.334
Odisha,21.1203,85.6392,898.2,34.2,2.91,0.359,0.295,29.3,0.27,700.2,50.8,5.64,569.95,5.82,35.2,25.9,gondite_archean,0.429
Madhya Pradesh,21.3204,74.9053,186.8,25.6,0.6,0.431,-0.086,30.8,0.683,1009.1,-34.9,4.06,434.13,6.16,25.2,28.0,gondite_archean,0.547
Karnataka,17.5055,75.8116,661.6,2.5,1.28,0.356,0.19,37.5,0.416,918.6,24.9,9.62,531.51,3.27,22.6,16.6,archean,0.363
Odisha,22.2653,86.7412,739.1,34.4,2.46,0.156,-0.127,22.5,0.545,743.2,68.6,15.84,678.21,4.52,35.4,23.3,gondite_archean,0.539
Karnataka,13.802,78.1657,410.3,18.1,1.12,0.548,0.297,22.4,0.52,446.2,17.8,11.33,822.91,3.1,21.3,13.9,archean,0.31
Maharashtra,19.5435,78.9474,320.1,21.0,2.05,0.161,-0.155,28.9,0.652,712.8,52.1,3.3,179.25,6.12,39.3,25.4,gondite_archean,0.606
Maharashtra,20.4293,79.1244,696.6,8.0,2.38,0.633,0.193,29.6,0.614,882.1,46.4,8.42,80.21,4.46,35.6,31.7,gondite_archean,0.593
Maharashtra,21.4195,78.7298,564.6,24.5,2.69,0.674,0.287,30.2,0.528,1023.9,-0.3,13.64,47.86,3.87,36.9,22.8,gondite_archean,0.518
Karnataka,12.5555,75.5472,200.8,8.6,0.5,0.722,-0.133,29.1,0.508,720.0,45.7,7.7,1027.18,4.11,28.3,21.3,archean,0.483
Goa,15.4283,73.9386,804.1,19.4,2.74,0.174,-0.061,37.2,0.675,589.7,18.1,7.96,836.8,2.09,17.1,1.5,laterite,0.268
Odisha,22.4283,84.6027,443.1,10.3,1.82,0.185,-0.21,33.9,0.496,665.2,21.4,12.6,460.91,4.33,26.2,18.2,gondite_archean,0.423
Goa,15.7276,73.8525,892.6,11.1,0.44,0.153,-0.055,32.1,0.555,324.8,-13.2,10.6,817.59,3.21,15.8,1.5,laterite,0.336
Karnataka,16.3372,77.0803,562.3,4.9,1.54,0.364,-0.005,36.7,0.502,593.7,28.5,4.62,575.45,3.69,28.7,7.4,archean,0.365
Karnataka,15.6641,78.4995,615.3,24.6,1.58,0.363,0.188,29.9,0.518,693.2,33.7,0.38,613.18,2.39,20.6,10.1,archean,0.346
Odisha,21.3505,84.94,837.5,18.0,2.19,0.281,0.157,33.5,0.766,1161.0,24.4,0.8,494.72,5.32,30.6,24.0,gondite_archean,0.522
Odisha,21.6535,85.5336,500.4,34.0,0.56,0.688,0.115,26.1,0.541,957.8,27.8,15.23,553.21,6.06,25.6,24.6,gondite_archean,0.437
Karnataka,13.1069,74.5881,269.5,19.2,1.55,0.451,-0.151,33.0,0.584,469.2,63.1,17.04,1014.01,4.76,30.6,20.5,archean,0.427
Odisha,20.6223,85.8147,621.7,30.3,0.59,0.408,-0.242,28.2,0.702,798.4,21.5,12.99,598.56,2.63,23.8,18.6,gondite_archean,0.412
Maharashtra,20.7057,78.7707,214.3,26.7,2.22,0.377,-0.254,22.2,0.747,693.4,2.1,1.04,59.5,5.39,35.1,31.2,gondite_archean,0.463
Odisha,21.355,83.9536,101.7,32.7,1.75,0.706,-0.1,27.2,0.751,626.4,57.5,0.21,393.31,4.65,25.4,30.6,gondite_archean,0.532
Karnataka,12.8906,75.3076,426.5,14.9,1.09,0.239,-0.297,37.5,0.36,654.9,46.1,42.47,1002.42,2.35,26.3,26.3,archean,0.346
Goa,15.3584,73.8243,250.6,3.3,0.73,0.396,-0.229,24.7,0.203,286.2,-52.4,8.27,850.63,0.3,27.5,7.3,laterite,0.165
Goa,15.5084,73.8529,816.2,27.9,2.3,0.172,0.179,24.2,0.381,499.5,-26.2,2.46,835.92,2.91,27.7,9.1,laterite,0.14
Goa,15.1289,74.0985,373.5,16.6,1.0,0.362,-0.283,37.7,0.442,891.2,28.6,3.83,852.11,0.3,14.7,1.5,laterite,0.144
Madhya Pradesh,23.9497,75.2226,126.2,9.4,2.94,0.647,0.058,36.9,0.492,846.1,37.5,2.81,504.57,5.39,19.9,32.3,gondite_archean,0.41
Karnataka,16.0165,75.603,140.8,32.0,2.67,0.732,0.13,32.9,0.395,692.9,13.8,17.67,678.81,1.85,36.0,20.3,archean,0.354
Jharkhand,22.5323,85.593,258.1,5.4,0.85,0.535,-0.027,30.9,0.455,705.6,21.7,12.26,563.3,2.92,20.6,22.2,archean,0.372
Odisha,20.8689,84.1457,397.0,18.8,0.35,0.579,0.026,35.3,0.618,725.7,54.2,6.82,423.58,5.23,34.9,14.9,gondite_archean,0.41
Maharashtra,21.4484,78.8544,360.8,19.4,0.68,0.163,-0.098,35.8,0.597,762.7,24.5,11.49,41.19,5.27,33.7,13.0,gondite_archean,0.54
Karnataka,12.8421,77.9864,386.3,22.3,0.64,0.274,0.295,34.0,0.521,407.3,-4.0,10.57,931.2,2.97,18.4,15.5,archean,0.333
Maharashtra,20.2047,79.5512,211.2,32.1,2.8,0.56,-0.289,30.6,0.333,1029.1,50.1,4.18,107.82,3.98,22.5,19.3,gondite_archean,0.433
Andhra Pradesh,17.5569,82.8018,200.1,14.7,2.99,0.254,-0.213,36.6,0.561,756.5,16.0,38.03,520.26,4.25,13.3,1.7,kodurite_archean,0.23
Odisha,20.7236,84.9577,872.4,21.4,1.98,0.578,0.162,32.2,0.655,878.0,29.8,10.54,509.33,5.14,34.1,40.9,gondite_archean,0.523
Karnataka,17.4561,77.5497,676.7,34.9,0.93,0.591,0.031,27.0,0.664,730.4,-8.4,3.29,441.39,3.31,26.9,18.5,archean,0.422
Karnataka,12.1709,75.3974,856.2,1.5,1.73,0.195,-0.128,23.4,0.517,713.7,55.3,18.59,1072.93,5.93,26.1,15.1,archean,0.554
Andhra Pradesh,18.4668,84.1026,729.1,7.5,2.02,0.27,0.05,32.8,0.614,434.4,28.8,18.17,552.27,3.11,16.1,15.2,kodurite_archean,0.299
Karnataka,14.4694,78.3325,151.0,27.3,1.07,0.173,0.146,27.3,0.648,852.6,54.6,6.12,747.16,3.54,33.6,26.0,archean,0.377
Madhya Pradesh,21.0445,81.2132,536.5,30.5,2.67,0.417,0.005,28.7,0.673,755.8,28.8,7.54,135.99,4.88,31.6,27.0,gondite_archean,0.43
Maharashtra,20.25,79.6411,670.3,27.4,0.96,0.238,-0.125,30.1,0.384,944.2,-9.0,0.44,102.31,1.51,35.3,5.0,gondite_archean,0.478
Odisha,22.2123,84.1467,645.1,32.4,1.71,0.676,-0.225,29.9,0.533,776.1,-13.0,8.86,411.49,3.34,27.7,8.6,gondite_archean,0.517
Karnataka,12.1765,77.3404,807.9,18.5,1.83,0.248,-0.168,25.8,0.49,808.9,25.8,5.9,1015.01,2.2,20.3,29.6,archean,0.269
Karnataka,14.5509,76.7589,293.5,3.7,0.27,0.301,-0.245,27.4,0.61,848.5,55.0,2.65,774.1,3.43,23.6,25.5,archean,0.323
Odisha,22.4265,83.9848,372.7,11.9,0.41,0.241,-0.273,26.7,0.363,704.3,60.0,1.06,398.08,3.5,25.8,10.7,gondite_archean,0.429
Goa,15.7852,74.2073,351.8,14.7,0.88,0.684,0.249,28.7,0.32,513.3,59.2,3.89,787.89,0.3,19.0,7.9,laterite,0.115
Jharkhand,23.1795,86.3623,645.9,29.7,0.23,0.282,0.099,36.3,0.563,500.0,71.6,3.59,653.35,4.15,27.3,8.2,archean,0.438
Goa,15.4415,74.1952,271.4,12.7,2.65,0.18,0.007,29.7,0.34,612.8,-13.4,1.72,818.32,1.72,10.0,19.9,laterite,0.17
Madhya Pradesh,21.0376,81.0384,455.7,32.7,1.59,0.567,-0.258,33.9,0.616,534.9,5.0,1.01,122.81,4.09,25.5,27.1,gondite_archean,0.442
Karnataka,16.7084,74.831,572.9,17.4,2.94,0.658,-0.027,34.4,0.553,391.9,23.4,2.05,666.68,2.22,24.6,31.7,archean,0.381
Odisha,21.7061,86.4163,822.8,20.4,2.31,0.601,-0.207,24.6,0.759,738.5,26.0,5.13,644.11,5.72,38.0,34.9,gondite_archean,0.571
Jharkhand,22.7172,86.7927,405.5,24.4,1.88,0.182,-0.253,22.3,0.683,517.3,38.2,2.73,688.05,1.49,25.5,23.1,archean,0.363
Odisha,21.9283,84.1514,331.8,7.3,2.09,0.562,0.092,28.6,0.744,263.6,43.8,7.11,410.07,4.09,29.8,12.2,gondite_archean,0.423
Odisha,22.1775,85.3577,486.8,24.4,2.86,0.217,0.2,31.3,0.506,623.4,87.1,2.22,535.47,4.27,43.1,24.6,gondite_archean,0.581
Andhra Pradesh,18.206,84.4459,160.5,1.1,1.27,0.511,0.078,29.6,0.451,500.0,15.4,15.29,598.56,2.7,24.6,24.0,kodurite_archean,0.37
Odisha,20.7848,85.9356,529.8,1.6,2.87,0.657,-0.144,31.9,0.186,823.1,67.5,3.83,606.86,4.09,30.8,18.4,gondite_archean,0.426
Madhya Pradesh,23.4048,76.0416,580.4,24.3,1.51,0.352,0.071,37.6,0.639,396.1,6.0,4.99,401.53,4.63,22.9,16.5,gondite_archean,0.381
Karnataka,12.022,76.1071,184.6,1.8,2.51,0.7,-0.175,30.6,0.514,299.9,-12.6,9.64,1063.47,2.41,29.4,27.1,archean,0.149
Karnataka,14.8407,76.0716,499.8,19.0,2.14,0.577,-0.073,28.6,0.502,788.5,-26.7,4.83,770.69,3.43,29.1,21.1,archean,0.419
Jharkhand,23.2715,86.9271,226.5,2.8,1.82,0.74,-0.049,25.4,0.78,722.8,57.4,29.55,711.92,1.72,20.2,23.1,archean,0.339
Karnataka,12.6521,77.5479,392.3,30.9,2.8,0.165,0.293,33.4,0.343,179.4,39.9,5.85,959.03,4.37,16.0,20.6,archean,0.252
Odisha,19.5529,85.4345,562.8,15.5,0.4,0.686,0.067,23.9,0.446,1535.5,42.1,13.22,600.97,3.7,26.8,26.5,gondite_archean,0.509
Goa,15.0574,74.0431,577.7,9.4,2.36,0.526,-0.289,31.7,0.547,138.0,8.6,43.68,862.04,1.1,21.5,1.5,laterite,0.154
Maharashtra,21.3258,79.2177,744.5,17.9,1.31,0.713,0.006,29.5,0.418,950.4,50.7,9.08,23.61,4.24,31.0,27.5,gondite_archean,0.6
Karnataka,13.0431,76.5435,410.3,6.4,2.69,0.744,0.041,34.4,0.525,746.3,48.1,0.36,941.11,1.17,21.6,19.4,archean,0.351
Odisha,21.8881,83.5282,774.0,33.5,2.21,0.59,0.26,25.3,0.46,1051.1,89.5,7.75,345.7,5.29,28.5,23.7,gondite_archean,0.496
Odisha,20.0179,83.9862,393.1,17.8,0.38,0.718,0.159,33.7,0.326,854.2,9.2,6.04,442.22,5.96,32.9,17.7,gondite_archean,0.495
Odisha,21.734,84.4469,602.9,32.2,1.09,0.28,-0.236,24.1,0.34,641.0,56.1,12.29,440.67,5.01,25.7,22.5,gondite_archean,0.383
Odisha,22.0274,84.6838,274.6,30.6,2.73,0.353,-0.087,31.3,0.727,745.8,40.7,7.2,465.28,5.68,26.5,27.6,gondite_archean,0.446
Maharashtra,19.618,79.9317,749.7,13.2,0.67,0.205,0.045,37.6,0.53,1033.6,-5.9,1.42,175.05,4.88,17.2,12.2,gondite_archean,0.461
Madhya Pradesh,23.1202,75.0242,897.2,27.3,2.66,0.399,0.001,30.4,0.564,900.8,14.0,18.66,472.58,3.34,33.2,32.4,gondite_archean,0.516
Karnataka,17.2984,76.7,795.2,27.0,2.63,0.162,-0.154,23.4,0.636,631.4,58.4,3.17,496.34,2.86,29.5,16.9,archean,0.473
Odisha,22.3464,85.511,707.5,4.0,1.58,0.691,0.226,22.7,0.517,675.0,-7.0,1.51,552.65,3.46,34.9,31.1,gondite_archean,0.396
Karnataka,16.8007,78.3448,193.2,25.1,0.84,0.399,-0.28,24.2,0.384,402.1,35.6,28.66,489.92,3.58,16.5,22.9,archean,0.235
Karnataka,16.3743,76.6232,408.3,6.1,0.26,0.281,-0.236,34.6,0.382,726.6,14.4,3.9,591.1,1.08,27.8,23.5,archean,0.284
Maharashtra,19.7232,78.624,786.5,11.7,0.75,0.46,0.246,22.7,0.609,1077.9,77.6,27.01,165.92,3.88,31.1,19.2,gondite_archean,0.536
Karnataka,15.7262,77.4825,718.4,32.3,1.4,0.326,0.084,28.7,0.595,354.9,73.9,1.33,626.46,5.5,23.3,18.8,archean,0.495
Odisha,20.7441,86.252,430.3,24.7,1.62,0.295,0.178,23.3,0.385,805.0,38.5,5.54,639.99,3.51,37.5,28.0,gondite_archean,0.427
Madhya Pradesh,23.0193,77.3725,577.8,33.2,0.74,0.693,-0.268,26.9,0.748,952.2,2.3,1.13,272.98,3.76,40.0,35.3,gondite_archean,0.539
Madhya Pradesh,23.0578,76.6478,469.7,3.7,1.2,0.567,0.272,37.4,0.814,1001.1,52.9,0.59,329.08,3.29,33.3,13.4,gondite_archean,0.516
Andhra Pradesh,17.9655,82.6262,159.8,9.6,0.7,0.615,-0.107,34.9,0.456,504.3,-15.9,9.32,473.46,3.65,29.7,24.2,kodurite_archean,0.294
Odisha,19.6677,84.3166,606.4,9.8,0.73,0.425,0.068,26.0,0.665,473.2,42.2,12.22,491.15,5.0,23.1,16.3,gondite_archean,0.525
Karnataka,17.5037,78.4551,157.6,2.5,0.62,0.381,-0.221,35.9,0.496,785.6,35.3,28.7,410.88,0.93,25.0,14.9,archean,0.289
Maharashtra,19.1011,78.6027,586.5,22.8,2.06,0.373,0.184,30.5,0.576,744.6,31.4,1.27,233.44,1.32,31.9,26.8,gondite_archean,0.489
Madhya Pradesh,21.6725,75.7656,137.9,9.2,1.17,0.65,-0.08,34.1,0.692,1067.6,30.8,29.93,349.0,5.21,25.2,30.1,gondite_archean,0.536
Madhya Pradesh,22.4838,75.8246,156.0,19.2,2.97,0.593,-0.104,35.2,0.468,968.1,12.3,12.6,368.26,3.2,19.1,26.1,gondite_archean,0.341
Andhra Pradesh,18.0804,84.1674,405.3,29.0,1.13,0.414,0.069,23.1,0.488,530.1,32.1,5.67,584.63,2.29,20.1,22.5,kodurite_archean,0.276
Odisha,19.8397,85.5888,383.3,16.8,1.12,0.393,0.194,31.5,0.447,599.3,62.0,0.22,602.88,3.91,33.0,20.7,gondite_archean,0.397
Odisha,22.0879,86.6282,304.9,15.3,2.54,0.613,0.188,30.3,0.636,727.8,53.8,1.36,665.77,4.95,42.3,18.6,gondite_archean,0.589
Madhya Pradesh,21.1405,78.8767,673.8,13.5,0.8,0.473,0.2,27.2,0.458,589.0,34.7,0.03,22.15,5.11,31.8,29.0,gondite_archean,0.539
Karnataka,17.8414,75.4759,328.6,5.2,2.33,0.507,0.065,25.5,0.817,904.0,46.2,3.54,528.02,2.27,31.8,22.3,archean,0.455
Jharkhand,22.5635,85.8828,150.4,30.7,1.79,0.381,-0.232,37.1,0.304,710.1,-3.7,7.37,593.26,1.9,29.7,17.9,archean,0.228
Jharkhand,22.6078,85.6474,891.8,5.6,2.33,0.711,0.007,22.0,0.462,488.3,21.9,4.31,569.95,2.61,30.5,30.8,archean,0.27
Madhya Pradesh,23.997,76.4668,757.3,20.2,1.04,0.327,-0.083,32.0,0.568,771.1,58.0,0.38,415.62,4.68,31.6,19.1,gondite_archean,0.489
Odisha,20.7505,86.436,598.5,26.0,1.18,0.717,0.126,28.7,0.499,938.7,34.9,6.87,658.59,3.63,41.4,27.1,gondite_archean,0.471
Madhya Pradesh,22.7547,78.9922,266.6,28.0,2.85,0.685,-0.107,28.5,0.607,1032.9,57.8,6.14,161.89,4.61,24.1,22.1,gondite_archean,0.526
Karnataka,17.495,76.937,587.6,11.1,2.53,0.249,-0.268,25.1,0.616,476.2,4.3,8.88,464.96,3.88,18.6,24.8,archean,0.331
Andhra Pradesh,18.9531,83.801,640.7,22.3,1.94,0.238,0.026,28.2,0.602,50.0,8.3,0.52,492.57,1.03,22.7,14.9,kodurite_archean,0.134
Karnataka,12.7531,75.3009,141.6,15.9,2.46,0.502,0.064,25.2,0.514,851.9,18.0,0.74,1016.77,2.93,32.0,15.6,archean,0.452
Karnataka,16.8854,77.64,283.7,34.1,0.44,0.191,0.057,33.6,0.508,756.5,30.6,2.74,498.08,2.57,22.2,1.5,archean,0.328
Karnataka,16.6315,77.0827,248.2,8.0,0.9,0.257,0.094,37.9,0.431,888.5,69.5,4.22,544.98,3.75,23.5,19.0,archean,0.435
Odisha,21.8104,83.9636,712.5,28.8,0.55,0.736,0.291,37.0,0.362,774.9,-4.0,1.84,390.61,6.76,42.4,16.0,gondite_archean,0.489
Odisha,21.7485,85.7424,150.1,33.8,0.26,0.504,0.166,34.6,0.496,803.8,58.6,5.26,574.38,4.6,27.9,31.9,gondite_archean,0.476
Karnataka,16.4433,74.9056,206.4,5.8,0.33,0.475,0.176,31.8,0.735,808.5,-1.5,3.02,683.93,1.17,20.3,22.5,archean,0.361
Goa,15.4875,74.1915,638.2,17.9,2.21,0.644,-0.165,27.4,0.42,368.1,-27.9,17.31,814.57,0.3,9.1,7.3,laterite,0.199
Madhya Pradesh,24.0128,77.9242,645.2,3.9,0.7,0.393,-0.003,37.5,0.568,774.6,15.9,9.68,337.51,6.56,30.4,29.3,gondite_archean,0.488
Goa,15.5053,73.9991,196.3,11.0,2.94,0.412,-0.017,30.0,0.166,469.9,32.7,9.46,826.08,1.04,17.5,11.0,laterite,0.216
Andhra Pradesh,18.4008,82.7687,413.0,34.0,1.18,0.671,-0.244,27.3,0.416,480.0,12.1,14.55,448.62,1.9,18.7,14.5,kodurite_archean,0.333
Karnataka,13.3537,77.3813,748.9,5.7,1.56,0.299,-0.199,33.7,0.671,364.0,33.8,2.97,885.65,2.86,31.3,8.9,archean,0.445
Odisha,20.7032,85.5789,329.7,29.8,0.62,0.37,-0.225,28.5,0.495,286.9,-4.9,5.92,572.61,4.94,19.4,22.7,gondite_archean,0.388
Karnataka,18.1577,77.8804,886.1,24.5,1.26,0.319,0.098,37.7,0.671,837.2,36.2,3.19,356.01,4.08,24.0,17.0,archean,0.497
Madhya Pradesh,24.1518,78.4132,304.3,15.8,1.65,0.208,0.146,23.7,0.714,700.1,68.9,3.35,317.96,4.35,22.8,27.3,gondite_archean,0.486
Jharkhand,23.0101,85.9437,459.3,12.4,1.69,0.422,-0.278,26.2,0.562,743.5,20.7,7.31,607.55,1.75,18.5,13.9,archean,0.192
Goa,15.448,73.9461,694.1,18.2,0.65,0.496,0.247,35.5,0.225,672.9,8.0,11.16,834.61,0.37,10.4,2.3,laterite,0.075
Odisha,19.8097,85.657,192.5,29.6,2.98,0.37,-0.028,33.4,0.603,940.9,65.5,1.14,610.75,6.47,31.5,25.0,gondite_archean,0.526
Odisha,21.8466,85.6554,352.2,25.5,2.39,0.71,-0.079,33.0,0.631,1264.3,46.2,1.57,565.19,2.19,32.9,27.0,gondite_archean,0.624
Karnataka,15.6312,74.511,392.6,5.7,2.13,0.437,-0.119,29.5,0.509,1136.4,34.5,2.88,780.87,3.13,31.3,16.0,archean,0.347
Karnataka,14.2361,77.5418,567.4,2.3,2.66,0.328,0.298,37.3,0.541,358.7,10.4,7.55,786.06,1.9,23.9,24.0,archean,0.138
Goa,15.5509,73.9391,457.5,15.6,2.89,0.255,-0.246,36.1,0.6,845.8,13.3,6.63,826.33,1.7,13.9,5.7,laterite,0.224
Goa,15.2001,73.9573,602.7,26.9,1.6,0.679,-0.276,36.8,0.467,384.3,38.5,8.91,855.21,1.05,13.1,1.5,laterite,0.189
Andhra Pradesh,17.7212,83.5953,669.0,30.3,2.82,0.621,0.092,28.9,0.286,577.4,1.2,39.4,564.01,5.35,19.2,24.8,kodurite_archean,0.309
Madhya Pradesh,21.7818,81.5376,657.3,9.1,1.1,0.703,0.232,28.5,0.662,495.5,83.8,10.11,140.19,5.99,21.6,19.1,gondite_archean,0.54
Andhra Pradesh,18.6289,84.1341,632.7,26.0,0.96,0.746,-0.19,25.4,0.394,581.2,74.0,28.22,542.67,2.6,20.5,9.1,kodurite_archean,0.22
Andhra Pradesh,17.7248,84.3919,506.0,32.5,1.14,0.58,-0.01,32.0,0.533,511.0,-10.2,19.23,627.56,3.28,14.3,6.9,kodurite_archean,0.171
Goa,15.6444,73.8705,715.5,32.0,0.42,0.645,0.028,32.7,0.334,804.8,7.9,0.28,823.25,0.3,17.1,3.2,laterite,0.247
Karnataka,14.7869,77.59,484.9,27.8,0.41,0.265,0.031,37.2,0.57,458.2,58.4,0.6,725.09,2.52,21.4,12.4,archean,0.441
Odisha,22.3314,84.6937,670.5,18.8,0.82,0.658,0.191,28.3,0.681,474.3,52.4,9.37,468.85,5.61,28.6,16.3,gondite_archean,0.457
Karnataka,13.3241,77.5528,293.1,25.0,1.82,0.742,0.3,35.9,0.448,936.0,29.6,1.97,885.35,2.45,16.6,36.2,archean,0.495
Jharkhand,23.1044,86.6925,355.9,15.9,1.52,0.317,-0.072,31.6,0.78,1029.9,56.0,3.47,684.72,4.24,12.6,16.3,archean,0.388
Odisha,19.7178,84.3518,115.6,9.3,2.03,0.187,-0.038,36.6,0.48,978.4,32.9,0.6,491.65,5.22,43.6,19.1,gondite_archean,0.44
Odisha,20.9087,86.6905,108.0,27.6,0.36,0.437,0.083,33.0,0.63,756.2,22.3,7.01,681.42,4.86,43.9,22.9,gondite_archean,0.431
Goa,15.0125,74.1213,158.9,1.2,0.62,0.404,0.181,26.5,0.29,774.5,11.7,12.77,860.95,0.3,19.7,8.9,laterite,0.235
Odisha,21.7153,86.8193,111.0,16.0,2.01,0.571,-0.194,37.6,0.487,558.5,47.9,0.17,685.68,4.8,24.9,33.3,gondite_archean,0.536
Karnataka,17.0303,78.3974,316.9,24.9,2.8,0.562,0.109,25.6,0.812,933.0,32.8,1.17,463.83,2.63,16.0,26.4,archean,0.336
Andhra Pradesh,18.3792,84.3891,559.7,5.2,0.68,0.743,0.135,22.8,0.443,367.3,58.2,2.94,581.21,2.52,18.2,15.9,kodurite_archean,0.277
Karnataka,13.0459,76.5327,109.4,11.2,2.81,0.336,-0.084,29.6,0.68,713.3,35.8,11.34,941.15,2.7,22.4,20.7,archean,0.379
Andhra Pradesh,18.3767,82.9265,172.4,24.8,2.22,0.254,-0.283,28.5,0.433,844.5,33.6,13.28,462.58,1.05,21.2,24.4,kodurite_archean,0.216
Andhra Pradesh,18.5175,83.0011,863.1,16.3,0.56,0.216,0.089,29.0,0.5,426.5,33.0,1.81,458.05,3.32,14.7,5.7,kodurite_archean,0.213
Odisha,20.557,85.2462,859.2,33.0,0.71,0.261,-0.202,34.6,0.695,455.7,44.5,0.78,543.13,2.74,26.4,24.9,gondite_archean,0.438
Odisha,20.6182,86.7619,801.5,14.4,2.16,0.203,0.128,37.6,0.544,1423.2,50.6,7.14,694.78,3.02,30.6,22.3,gondite_archean,0.635
Odisha,20.125,84.4668,669.4,21.6,2.57,0.327,0.247,33.9,0.696,616.3,33.1,2.38,482.48,4.4,32.6,14.8,gondite_archean,0.431
Andhra Pradesh,17.9135,83.1605,431.5,15.7,1.35,0.452,0.189,35.1,0.458,524.8,9.7,1.07,516.13,2.49,26.0,18.0,kodurite_archean,0.354
Odisha,20.0014,86.1585,375.9,5.6,1.08,0.365,0.279,33.2,0.634,879.5,39.2,18.68,652.38,5.69,31.6,12.1,gondite_archean,0.451
Odisha,21.4869,85.2537,627.2,24.3,0.26,0.182,0.02,25.1,0.659,1197.1,-3.7,8.17,525.53,5.45,32.6,30.5,gondite_archean,0.53
Goa,15.1695,73.928,219.2,26.0,1.34,0.188,0.225,30.9,0.32,180.8,-22.8,2.74,859.83,0.3,14.7,17.6,laterite,0.122
Maharashtra,19.7361,79.5575,772.1,3.3,0.42,0.484,0.083,25.4,0.652,1037.1,31.3,6.66,159.73,4.72,21.4,29.0,gondite_archean,0.417
Maharashtra,19.1077,80.1631,770.5,29.3,0.63,0.528,-0.291,35.6,0.573,829.4,82.6,10.49,235.49,4.58,28.9,25.1,gondite_archean,0.568
Goa,15.2775,74.2504,360.2,25.9,2.26,0.161,-0.083,22.3,0.613,462.5,7.8,7.48,829.08,0.3,20.7,3.1,laterite,0.095
Madhya Pradesh,22.4361,81.3623,804.1,17.4,1.21,0.345,-0.139,30.7,0.479,658.6,62.9,1.69,140.84,3.5,27.3,23.2,gondite_archean,0.588
Karnataka,13.9529,78.1187,172.4,30.6,1.25,0.678,0.137,23.7,0.581,845.1,64.4,10.98,806.87,4.54,30.6,27.8,archean,0.499
Odisha,22.2371,83.5637,393.2,25.8,1.4,0.165,-0.26,32.4,0.738,791.5,51.2,5.65,352.17,3.03,26.3,12.3,gondite_archean,0.436
Odisha,21.6532,86.6312,849.4,22.0,0.35,0.595,-0.234,32.7,0.647,958.8,11.3,20.7,666.53,5.64,26.8,19.3,gondite_archean,0.448
Goa,15.5532,74.1331,392.3,3.0,2.52,0.253,-0.077,31.6,0.528,136.3,7.5,1.21,812.83,1.25,17.1,1.5,laterite,0.142
Madhya Pradesh,23.9772,74.3832,739.9,14.4,0.65,0.256,0.251,23.8,0.576,998.5,37.3,13.61,576.48,3.77,27.1,34.4,gondite_archean,0.527
Madhya Pradesh,23.3631,78.4848,384.3,20.3,0.92,0.414,-0.132,24.0,0.629,953.7,27.4,3.84,245.96,3.57,30.9,15.2,gondite_archean,0.466
Odisha,21.3523,85.6262,270.7,17.1,2.62,0.255,-0.288,32.4,0.484,1250.2,84.0,0.76,565.32,2.23,32.5,26.5,gondite_archean,0.536
Odisha,19.5527,85.7068,618.8,20.8,0.71,0.512,-0.266,31.7,0.404,1178.5,55.7,18.07,626.85,4.06,32.5,31.5,gondite_archean,0.512
Karnataka,14.5847,77.3007,832.3,4.0,2.61,0.626,-0.111,27.7,0.41,649.6,39.3,6.77,754.15,2.52,18.2,22.4,archean,0.375
Madhya Pradesh,24.194,80.7586,685.1,26.0,0.5,0.313,-0.26,22.1,0.578,494.5,51.6,5.5,272.7,4.54,28.0,23.7,gondite_archean,0.423
Madhya Pradesh,21.7658,80.0676,169.7,17.6,0.23,0.731,0.151,24.5,0.443,689.1,11.7,3.57,12.22,5.36,42.2,18.3,gondite_archean,0.602
Karnataka,17.791,74.8256,473.0,27.4,0.37,0.573,0.192,32.6,0.753,421.8,11.1,26.3,582.48,1.28,31.0,19.8,archean,0.359
Odisha,20.6366,84.198,876.9,18.6,2.71,0.358,0.217,22.9,0.71,655.4,48.2,2.94,436.1,4.82,38.1,21.3,gondite_archean,0.478
Andhra Pradesh,17.5704,84.0641,265.4,10.7,1.58,0.42,0.012,30.7,0.631,311.6,3.9,11.7,611.97,2.39,8.0,21.9,kodurite_archean,0.235
Maharashtra,19.1136,80.1771,891.5,17.1,2.91,0.478,-0.024,27.3,0.418,918.0,18.8,6.43,235.18,2.47,31.3,9.7,gondite_archean,0.414
Odisha,21.1785,86.1287,256.6,13.5,0.25,0.654,0.168,23.0,0.503,867.0,35.2,3.98,619.31,1.67,33.8,24.2,gondite_archean,0.479
Jharkhand,23.5494,85.8086,495.5,13.1,2.96,0.575,-0.031,22.2,0.563,663.0,-4.7,0.18,609.32,3.13,26.0,17.4,archean,0.395
Madhya Pradesh,22.8865,79.6564,435.1,23.8,0.54,0.309,0.202,36.5,0.761,680.8,39.4,20.94,132.27,3.58,37.6,12.3,gondite_archean,0.593
Karnataka,17.7643,75.1443,182.9,1.1,1.08,0.238,-0.168,22.2,0.436,432.2,31.0,6.73,559.28,2.5,26.3,13.1,archean,0.286
Odisha,20.4652,85.3314,628.9,26.5,0.89,0.343,-0.115,27.8,0.538,440.7,2.3,5.36,554.48,6.07,29.6,9.1,gondite_archean,0.395
Maharashtra,21.1361,79.3409,634.2,3.0,1.68,0.177,-0.282,31.8,0.688,607.1,41.3,0.95,26.06,6.82,41.3,33.3,gondite_archean,0.634
Madhya Pradesh,24.4668,78.0738,192.7,17.0,0.71,0.508,0.116,29.5,0.564,765.6,15.3,0.68,366.47,5.85,31.5,39.4,gondite_archean,0.576
Goa,15.5018,73.8728,449.1,23.3,2.16,0.668,-0.192,37.2,0.488,600.1,2.7,0.34,835.09,1.7,9.2,8.7,laterite,0.184
Maharashtra,20.6322,79.1397,294.5,12.6,2.43,0.502,-0.148,35.1,0.694,805.7,31.2,4.63,57.81,4.89,35.3,19.4,gondite_archean,0.641
Odisha,21.9191,85.1125,160.2,25.4,1.02,0.179,0.242,29.7,0.677,581.9,65.1,1.89,509.18,5.48,26.1,21.8,gondite_archean,0.52
Odisha,21.9494,86.2005,377.5,24.5,0.2,0.709,0.03,31.9,0.616,922.9,86.3,15.55,621.43,5.53,32.7,13.5,gondite_archean,0.571
Goa,15.5453,74.1496,888.4,3.6,1.4,0.293,0.078,34.9,0.434,521.5,-18.0,7.49,812.38,2.52,22.9,9.1,laterite,0.144
Jharkhand,22.2705,85.3822,436.4,21.0,1.89,0.325,0.252,36.6,0.43,416.1,-21.3,9.7,538.72,1.55,31.3,6.5,archean,0.228
Odisha,20.8744,85.9025,693.6,27.5,1.25,0.609,-0.296,29.6,0.625,1023.2,92.9,19.0,601.53,3.99,39.6,24.1,gondite_archean,0.536
Karnataka,15.6754,77.6888,450.5,33.6,0.96,0.597,-0.049,29.8,0.53,534.5,52.1,0.81,626.42,6.46,36.3,19.9,archean,0.427
Maharashtra,21.4645,80.3852,670.0,18.7,0.65,0.381,0.051,33.6,0.727,956.3,79.5,1.24,42.91,3.84,32.5,19.9,gondite_archean,0.547
Karnataka,17.9537,76.8437,268.1,10.7,2.78,0.406,0.052,29.4,0.604,400.2,14.5,9.27,426.26,1.72,30.8,22.2,archean,0.366
Goa,15.129,73.952,788.3,7.8,0.21,0.672,-0.104,28.6,0.58,384.0,28.3,7.68,861.76,1.1,8.0,9.2,laterite,0.233
Karnataka,17.9184,76.4666,509.4,15.2,2.41,0.405,-0.138,35.8,0.358,976.0,70.6,7.55,452.42,1.75,31.9,21.7,archean,0.374
Odisha,20.6259,83.7206,517.8,23.2,0.68,0.373,0.258,29.1,0.576,769.2,49.0,0.12,389.53,5.01,30.6,22.6,gondite_archean,0.345
Andhra Pradesh,17.631,83.3339,400.6,12.9,1.06,0.276,-0.196,32.2,0.472,513.5,37.7,2.83,551.42,2.61,17.7,16.6,kodurite_archean,0.27
Odisha,21.3045,86.2137,464.3,22.4,2.21,0.726,-0.201,38.0,0.741,634.2,25.9,9.58,626.39,8.04,25.6,20.1,gondite_archean,0.707
Odisha,22.3069,84.2962,427.4,6.3,1.7,0.335,-0.006,25.6,0.372,503.2,69.0,0.39,427.92,4.29,32.5,21.7,gondite_archean,0.508
Karnataka,16.8214,78.0074,396.6,14.8,1.41,0.703,0.116,26.0,0.452,528.5,7.1,8.6,494.58,2.01,23.5,12.7,archean,0.245
Odisha,19.7455,83.9409,768.7,23.4,0.38,0.385,-0.133,31.2,0.664,351.2,103.2,3.02,452.82,5.04,27.7,27.9,gondite_archean,0.461
Odisha,21.3937,84.728,715.1,30.4,1.22,0.465,-0.23,28.7,0.427,682.4,59.0,19.44,472.36,4.87,28.1,25.5,gondite_archean,0.432
Goa,15.5673,74.1926,168.0,20.8,2.5,0.667,-0.283,37.0,0.539,443.9,-2.3,9.46,807.58,0.82,25.8,8.8,laterite,0.178
Andhra Pradesh,18.3811,82.8225,112.2,24.8,1.74,0.54,0.188,28.9,0.734,682.7,-26.5,46.78,454.24,3.0,14.5,28.9,kodurite_archean,0.142
Goa,15.386,74.2118,772.1,29.0,2.22,0.663,-0.068,23.8,0.615,418.7,40.4,1.09,822.07,2.59,24.0,10.2,laterite,0.241
Odisha,21.879,85.2108,685.2,14.0,1.17,0.655,-0.279,37.6,0.455,1165.5,15.8,5.77,519.3,4.9,28.4,33.8,gondite_archean,0.445
Karnataka,18.3706,75.2811,609.2,20.6,1.78,0.519,0.001,22.3,0.59,595.4,-1.5,11.78,504.32,1.2,15.4,33.4,archean,0.294
Odisha,19.5688,83.9943,452.1,10.6,2.34,0.214,0.25,36.3,0.588,860.0,34.7,1.13,467.93,3.27,39.8,25.0,gondite_archean,0.491
Maharashtra,20.165,79.7108,175.3,31.1,1.72,0.174,0.252,29.8,0.586,884.5,29.6,18.34,111.93,1.55,24.8,17.8,gondite_archean,0.384
Maharashtra,19.6071,80.3775,108.7,1.2,1.61,0.443,-0.202,29.9,0.67,738.3,12.5,0.38,189.61,4.98,24.9,23.6,gondite_archean,0.412
Madhya Pradesh,22.9374,74.6238,521.2,27.9,0.43,0.684,0.047,37.2,0.463,961.3,86.8,5.79,501.35,3.57,29.1,32.8,gondite_archean,0.631
Karnataka,13.994,76.627,513.0,1.7,0.99,0.182,0.24,33.6,0.551,850.1,-8.6,10.73,837.39,2.67,23.9,21.2,archean,0.369
Jharkhand,23.4999,85.5692,436.0,14.1,2.59,0.613,0.053,26.4,0.412,696.1,41.7,28.18,584.38,4.62,23.9,15.2,archean,0.438
Jharkhand,22.0439,86.5374,872.4,12.5,2.01,0.487,0.157,35.9,0.666,739.3,2.3,4.51,656.31,2.05,16.0,23.0,archean,0.292
Maharashtra,19.0921,79.836,619.9,33.0,2.2,0.628,0.243,32.8,0.753,920.1,28.5,11.01,231.87,6.69,30.7,21.1,gondite_archean,0.56
Karnataka,12.712,75.4902,805.9,13.3,1.94,0.55,0.169,24.9,0.462,291.8,26.9,16.91,1013.23,4.64,32.1,14.7,archean,0.403
Karnataka,12.6987,75.593,421.8,26.5,0.4,0.546,0.13,32.5,0.434,525.1,42.5,7.08,1010.53,3.19,28.7,29.2,archean,0.433
Karnataka,16.5531,78.1649,108.7,30.6,0.81,0.424,0.211,35.2,0.759,525.2,-11.4,4.52,520.33,1.47,25.2,30.9,archean,0.393
Odisha,21.3907,85.028,465.3,28.8,1.73,0.681,0.128,30.8,0.65,476.1,29.4,33.21,503.27,7.13,34.6,15.4,gondite_archean,0.41
Karnataka,16.5418,76.3948,514.1,21.1,2.35,0.204,0.166,31.0,0.374,898.9,-6.9,31.02,585.62,2.37,26.2,19.0,archean,0.212
Karnataka,12.2574,78.1191,754.8,25.7,1.91,0.498,0.298,26.4,0.513,742.2,64.1,29.8,994.19,1.27,27.5,32.0,archean,0.389
Maharashtra,19.0013,79.5101,288.2,30.7,0.63,0.55,-0.14,27.7,0.829,794.6,68.6,0.5,241.59,3.07,36.0,24.3,gondite_archean,0.478
Maharashtra,19.3352,79.128,194.8,16.5,1.75,0.277,-0.284,33.5,0.359,914.1,9.9,4.56,201.83,4.44,30.1,30.2,gondite_archean,0.454
Maharashtra,19.1983,78.9183,349.5,5.0,1.48,0.741,0.009,33.9,0.663,870.1,55.8,17.05,217.76,3.49,31.4,14.8,gondite_archean,0.541
Karnataka,15.1848,75.9207,323.5,23.9,2.38,0.674,-0.207,35.2,0.315,566.9,-10.5,18.54,742.94,1.2,23.9,18.3,archean,0.228
Maharashtra,21.493,80.0748,801.6,26.4,2.71,0.196,0.258,28.3,0.679,960.7,63.8,3.65,35.82,1.79,30.6,16.7,gondite_archean,0.539
Goa,15.7302,73.8274,163.9,9.3,0.91,0.207,-0.067,31.4,0.261,674.9,66.9,3.31,819.17,2.62,21.3,2.4,laterite,0.203
Odisha,19.9121,85.1358,224.7,16.7,0.82,0.593,-0.283,30.9,0.606,944.5,45.6,7.57,556.04,3.59,16.2,16.2,gondite_archean,0.446
Karnataka,14.1393,77.5848,833.2,29.9,2.43,0.742,0.118,34.0,0.575,930.6,47.8,19.99,795.68,3.07,29.1,3.3,archean,0.506
Karnataka,14.6026,78.1709,387.3,30.1,2.73,0.45,-0.032,34.2,0.4,902.6,21.6,1.12,734.49,2.37,18.9,12.8,archean,0.375
Maharashtra,21.3166,80.0683,682.3,15.1,1.11,0.658,0.243,29.2,0.576,796.0,73.4,9.25,46.31,4.61,39.4,8.9,gondite_archean,0.576
