state,lat,lng,elevation,slope_deg,drainage_density,ndvi,ndwi,land_surface_temp,mineral_alteration_index,mn_ppm_soil,magnetic_anomaly_nt,distance_to_fault_km,distance_to_known_mine_km,geology_type,prospectivity_score
Karnataka,18.1796,77.428,578.9,6.3,0.64,0.185,0.22,31.6,0.45,555.0,14.5,5.95,373.32,archean,0.29
Karnataka,13.893,76.9474,211.6,10.9,1.23,0.424,0.171,25.2,0.827,738.8,31.9,1.5,838.26,archean,0.425
Odisha,22.3467,86.8797,746.7,11.4,0.47,0.561,-0.036,24.0,0.496,778.9,32.7,8.69,692.98,gondite_archean,0.519
Karnataka,15.3804,76.6868,247.9,34.0,2.37,0.714,0.237,31.6,0.399,343.3,48.1,3.53,689.85,archean,0.375
Odisha,21.1281,83.9932,741.8,3.5,2.96,0.613,-0.181,22.1,0.63,957.5,60.8,0.62,401.6,gondite_archean,0.618
Karnataka,12.7531,77.9524,598.6,12.3,0.38,0.337,-0.105,33.7,0.62,719.3,2.9,9.99,941.48,archean,0.376
Maharashtra,20.4032,80.0419,495.0,18.8,1.4,0.165,-0.235,22.5,0.39,988.5,61.0,2.29,94.5,gondite_archean,0.526
Karnataka,16.9111,75.4152,161.6,10.9,0.65,0.708,0.185,32.1,0.551,722.9,63.1,18.11,609.33,archean,0.47
Karnataka,12.7153,75.4117,441.7,28.8,2.61,0.154,0.006,28.7,0.473,602.2,40.1,3.12,1016.06,archean,0.369
Karnataka,16.5696,75.9545,877.4,33.7,0.9,0.448,-0.119,26.6,0.532,573.5,12.3,2.61,606.77,archean,0.385
Goa,15.1916,73.8724,491.6,34.5,0.88,0.553,0.157,25.8,0.344,696.8,44.7,6.14,861.64,laterite,0.357
Odisha,22.0059,84.6227,249.2,2.4,1.85,0.557,-0.29,30.2,0.638,535.4,51.8,3.91,458.91,gondite_archean,0.458
Goa,15.11,73.9705,190.8,32.4,2.66,0.305,0.096,35.1,0.604,927.8,1.5,18.2,862.19,laterite,0.232
Goa,15.5065,73.9695,379.4,25.7,2.71,0.682,0.168,32.3,0.467,589.5,14.0,9.42,828.0,laterite,0.182
Madhya Pradesh,21.7849,79.6974,289.8,12.1,2.29,0.54,0.21,32.5,0.456,809.2,4.2,2.24,49.85,gondite_archean,0.468
Jharkhand,22.7862,86.7841,604.9,28.0,1.61,0.496,-0.004,25.1,0.404,855.4,29.8,1.56,688.18,archean,0.413
Goa,15.7631,74.2574,396.1,1.5,2.8,0.407,0.28,37.4,0.386,575.4,35.7,3.05,786.34,laterite,0.226
Odisha,21.1704,86.7765,656.8,20.4,0.47,0.519,0.294,24.2,0.687,790.3,60.2,9.7,686.06,gondite_archean,0.605
Karnataka,13.9083,77.7374,748.1,30.5,2.76,0.457,0.001,34.8,0.68,857.6,34.6,3.3,817.88,archean,0.464
Karnataka,12.6109,76.8131,128.8,16.8,1.72,0.322,0.054,22.5,0.413,593.0,67.8,1.94,979.86,archean,0.424
Madhya Pradesh,21.2987,74.4135,525.1,19.4,1.98,0.586,0.286,30.3,0.686,654.3,27.3,0.65,485.0,gondite_archean,0.413
Odisha,22.3879,86.4259,656.8,14.9,0.69,0.244,-0.15,30.8,0.673,1033.3,47.8,7.57,646.78,gondite_archean,0.626
Karnataka,13.6103,75.9239,706.3,1.5,0.53,0.178,-0.276,35.7,0.492,1034.4,28.3,5.13,903.08,archean,0.356
Odisha,20.8016,84.8948,592.7,22.6,0.33,0.375,0.076,30.1,0.609,961.9,33.3,7.05,500.88,gondite_archean,0.515
Goa,15.4604,73.9941,614.6,16.6,1.73,0.715,-0.068,37.4,0.382,461.5,31.7,0.19,830.26,laterite,0.237
Andhra Pradesh,17.9228,82.7363,657.4,22.4,2.66,0.591,0.182,26.5,0.536,368.0,-27.9,11.98,484.69,kodurite_archean,0.195
Karnataka,18.0499,77.9337,443.2,26.5,2.31,0.212,0.242,30.1,0.457,849.8,22.8,0.09,365.37,archean,0.446
Goa,15.073,73.9597,860.0,33.3,1.81,0.529,-0.031,26.7,0.585,180.7,28.9,12.47,866.15,laterite,0.264
Odisha,20.9833,83.7015,539.6,16.0,2.69,0.361,-0.23,24.3,0.634,1051.6,27.6,13.8,375.72,gondite_archean,0.521
Maharashtra,19.2034,78.6697,889.3,13.7,1.24,0.638,0.268,37.8,0.48,1052.0,-12.5,18.95,220.86,gondite_archean,0.582
Odisha,20.9779,83.5397,474.9,2.9,0.53,0.221,0.09,33.9,0.619,797.8,2.3,16.24,359.66,gondite_archean,0.388
Odisha,22.3897,83.5425,875.9,2.5,2.7,0.467,0.296,23.2,0.617,790.9,95.3,9.52,352.58,gondite_archean,0.589
Karnataka,16.0791,76.8373,820.9,2.5,0.99,0.72,0.234,29.3,0.346,816.8,24.9,3.49,611.75,archean,0.344
Madhya Pradesh,21.2721,81.7952,889.0,24.7,1.7,0.336,0.188,33.0,0.649,1075.3,55.9,16.08,177.07,gondite_archean,0.536
Odisha,19.5791,84.8176,748.4,34.6,0.62,0.506,-0.071,37.5,0.593,835.7,-22.9,2.56,541.9,gondite_archean,0.428
Odisha,22.0942,86.3452,899.8,34.9,1.76,0.611,0.267,35.6,0.522,460.2,4.2,8.91,636.65,gondite_archean,0.475
Madhya Pradesh,22.2536,74.9085,637.3,18.7,2.36,0.462,0.211,30.8,0.683,813.2,12.9,0.23,449.08,gondite_archean,0.486
Maharashtra,20.5508,79.9082,270.4,5.6,0.24,0.36,0.054,28.3,0.666,752.6,43.4,12.25,73.9,gondite_archean,0.401
Karnataka,16.0436,77.9495,859.6,6.0,2.79,0.445,-0.145,29.3,0.519,740.6,56.9,2.2,580.38,archean,0.359
Odisha,19.8866,83.9482,221.5,5.7,1.99,0.259,-0.093,36.3,0.807,716.1,27.2,0.33,445.61,gondite_archean,0.473
Odisha,20.3358,84.1195,171.0,5.1,1.49,0.274,-0.081,30.1,0.548,788.4,51.3,0.68,439.98,gondite_archean,0.575
Andhra Pradesh,18.8813,82.6222,321.5,28.4,2.3,0.261,-0.174,27.9,0.755,447.9,1.1,11.01,401.45,kodurite_archean,0.14
Odisha,20.2573,85.9967,816.2,18.4,1.69,0.214,-0.032,30.5,0.463,599.1,33.7,3.11,627.55,gondite_archean,0.444
Odisha,20.4825,83.9192,812.4,21.2,2.1,0.624,-0.001,23.4,0.845,982.9,27.4,1.09,414.52,gondite_archean,0.663
Odisha,20.5892,85.7607,556.6,13.1,2.96,0.513,-0.158,23.6,0.505,654.8,28.9,2.68,593.98,gondite_archean,0.458
Odisha,22.1903,83.7808,519.6,15.0,2.95,0.217,-0.061,37.5,0.588,834.7,20.3,8.84,373.77,gondite_archean,0.434
Goa,15.4454,74.0858,324.0,27.2,0.72,0.344,-0.045,30.1,0.385,358.7,-28.5,6.96,825.32,laterite,0.226
Odisha,20.9434,85.3641,141.5,12.4,0.58,0.188,0.294,27.2,0.488,932.1,66.1,7.24,545.16,gondite_archean,0.554
Karnataka,14.677,75.8955,843.6,29.2,2.9,0.225,0.139,37.0,0.579,976.0,25.8,12.69,795.08,archean,0.416
Odisha,19.991,84.0749,751.7,23.6,1.66,0.365,0.226,28.3,0.53,1040.2,21.5,2.87,451.83,gondite_archean,0.369
Maharashtra,20.2568,78.9644,819.7,14.1,1.72,0.694,0.075,23.9,0.58,893.8,16.5,12.64,100.17,gondite_archean,0.508
Madhya Pradesh,22.8671,81.1511,730.9,6.2,1.07,0.299,0.146,22.5,0.741,860.4,29.7,13.77,155.1,gondite_archean,0.559
Odisha,22.0394,83.9462,417.8,28.1,0.62,0.288,0.133,33.5,0.726,981.7,-2.4,3.39,389.41,gondite_archean,0.507
Odisha,22.2254,85.5419,420.7,16.7,2.85,0.242,0.052,30.1,0.536,789.4,83.0,20.46,554.74,gondite_archean,0.54
Maharashtra,19.3813,79.6526,585.4,15.4,2.26,0.711,0.255,29.2,0.865,884.8,23.7,3.27,198.89,gondite_archean,0.562
Andhra Pradesh,17.5069,83.167,418.5,19.3,2.78,0.358,-0.092,33.8,0.29,457.9,-11.3,1.55,549.55,kodurite_archean,0.228
Karnataka,14.723,78.1594,389.9,20.7,1.97,0.158,0.098,24.8,0.424,627.1,28.8,7.24,721.39,archean,0.369
Odisha,21.7499,84.2347,818.4,8.0,0.73,0.172,-0.017,31.0,0.727,248.1,-13.6,6.56,418.71,gondite_archean,0.327
Odisha,20.0458,86.5162,856.9,13.7,0.96,0.536,-0.055,22.4,0.618,625.5,36.2,2.01,686.32,gondite_archean,0.506
Odisha,21.5157,83.569,183.3,28.2,0.7,0.542,-0.157,23.6,0.658,591.9,44.3,4.05,351.65,gondite_archean,0.528
Maharashtra,19.5125,79.0863,817.1,1.4,0.44,0.275,-0.284,24.9,0.36,1132.9,7.4,3.82,182.09,gondite_archean,0.426
Madhya Pradesh,21.9382,78.9932,427.5,19.8,1.42,0.327,0.269,34.2,0.677,773.8,30.0,0.18,88.22,gondite_archean,0.608
Odisha,21.1249,85.7172,306.3,5.7,2.54,0.741,0.015,24.7,0.364,890.4,88.5,14.16,577.87,gondite_archean,0.601
Odisha,19.533,83.9791,820.0,30.7,1.87,0.51,0.099,24.8,0.541,941.3,48.0,0.38,468.76,gondite_archean,0.396
Odisha,21.7141,83.7898,582.5,9.3,1.29,0.323,-0.087,33.5,0.629,429.3,90.4,22.1,372.91,gondite_archean,0.476
Maharashtra,19.5374,78.5624,309.8,21.2,0.34,0.448,0.058,27.3,0.518,828.5,42.9,5.47,187.57,gondite_archean,0.493
Maharashtra,20.0871,78.9928,755.3,28.2,2.15,0.313,0.054,27.8,0.402,734.8,65.0,10.54,118.62,gondite_archean,0.51
Andhra Pradesh,18.4882,83.8846,779.4,9.5,1.57,0.283,0.293,37.1,0.568,536.8,28.0,28.34,533.91,kodurite_archean,0.252
Goa,15.3794,74.231,775.6,11.8,2.52,0.172,0.058,25.7,0.315,675.6,3.1,3.03,821.38,laterite,0.2
Madhya Pradesh,23.7675,76.55,600.7,31.1,1.92,0.29,-0.285,35.9,0.646,789.4,69.0,4.11,390.92,gondite_archean,0.489
Karnataka,16.0788,77.9947,887.3,27.1,1.37,0.403,0.143,25.8,0.484,499.0,3.6,2.13,575.57,archean,0.296
Odisha,19.5536,86.957,442.2,14.1,2.1,0.281,0.27,34.6,0.54,614.9,96.1,1.46,747.86,gondite_archean,0.489
Jharkhand,22.4633,86.8855,619.7,21.7,1.64,0.288,-0.194,25.5,0.587,535.4,16.4,27.82,694.54,archean,0.334
Goa,15.7422,74.2975,239.1,14.5,2.32,0.568,-0.208,35.1,0.355,279.3,68.5,6.94,785.41,laterite,0.313
Odisha,22.1324,84.4296,203.6,31.2,2.88,0.667,0.186,32.5,0.458,800.9,-5.3,2.41,439.77,gondite_archean,0.404
Maharashtra,20.2397,78.6621,276.1,24.2,0.41,0.661,-0.003,29.7,0.705,848.6,71.5,6.67,110.58,gondite_archean,0.531
Odisha,22.1359,86.291,626.8,29.9,2.63,0.575,0.202,33.2,0.681,1086.3,22.2,17.02,631.24,gondite_archean,0.558
Andhra Pradesh,17.5439,84.1516,203.1,12.4,2.28,0.246,0.191,35.3,0.443,510.7,37.2,31.79,620.88,kodurite_archean,0.16
Madhya Pradesh,21.9093,79.072,532.0,27.5,0.5,0.607,0.025,37.4,0.705,491.7,42.8,0.56,84.45,gondite_archean,0.569
Karnataka,16.6031,74.7694,565.7,12.8,1.94,0.177,0.223,37.6,0.564,554.8,25.5,11.77,679.79,archean,0.24
Maharashtra,20.1148,79.0473,897.7,15.5,1.46,0.248,0.177,33.1,0.695,1042.1,32.8,23.0,115.2,gondite_archean,0.447
Karnataka,16.1504,76.0904,319.4,34.5,1.35,0.686,-0.162,25.4,0.529,614.1,52.6,5.13,639.41,archean,0.429
Jharkhand,22.3711,86.7372,721.3,27.2,2.57,0.607,0.076,24.1,0.67,758.3,3.0,1.07,678.55,archean,0.426
Maharashtra,20.0758,78.901,493.3,3.2,1.83,0.311,0.179,27.0,0.527,774.9,34.1,5.23,121.06,gondite_archean,0.456
Madhya Pradesh,22.0208,79.5599,788.1,27.5,0.31,0.438,-0.237,25.9,0.848,775.5,51.5,0.08,68.53,gondite_archean,0.695
Karnataka,15.3651,74.8515,380.5,2.1,0.42,0.388,-0.22,31.1,0.639,784.7,16.5,0.88,783.49,archean,0.393
Madhya Pradesh,23.4727,74.2527,849.0,2.8,1.72,0.575,0.223,33.4,0.49,997.8,41.3,13.6,560.58,gondite_archean,0.578
Karnataka,16.1833,76.6056,685.3,3.8,0.37,0.298,-0.204,35.9,0.396,554.1,44.3,5.52,611.1,archean,0.448
Madhya Pradesh,23.5172,75.8276,897.1,34.1,2.02,0.27,0.108,23.2,0.691,757.9,61.7,4.43,426.44,gondite_archean,0.575
Karnataka,14.4118,78.4506,132.1,30.5,1.82,0.413,0.135,29.8,0.324,545.4,48.8,1.89,752.31,archean,0.402
Madhya Pradesh,23.2105,79.8649,205.3,25.3,2.75,0.258,-0.157,37.5,0.599,721.7,-2.9,16.37,160.14,gondite_archean,0.437
Karnataka,15.3463,75.9369,574.4,6.6,1.3,0.732,-0.145,32.5,0.653,518.4,-10.1,0.61,726.09,archean,0.396
Odisha,21.0593,84.6795,763.1,15.7,0.9,0.52,0.124,24.7,0.662,1024.5,68.8,13.11,472.94,gondite_archean,0.561
Madhya Pradesh,24.0389,75.6467,189.5,10.2,0.36,0.469,0.262,22.6,0.544,573.0,33.7,5.66,477.6,gondite_archean,0.503
Odisha,19.945,86.9532,872.1,1.2,2.87,0.533,0.221,29.3,0.308,1367.6,16.6,0.24,733.23,gondite_archean,0.548
Karnataka,16.5804,75.3074,638.7,34.0,0.46,0.554,-0.034,35.9,0.586,476.6,28.0,7.7,645.35,archean,0.522
Andhra Pradesh,18.3559,82.5608,844.8,24.4,2.09,0.279,0.095,28.3,0.377,569.3,41.9,12.2,436.65,kodurite_archean,0.265
Madhya Pradesh,23.5846,81.0281,423.3,12.1,2.07,0.635,0.157,34.8,0.715,727.7,41.4,0.05,216.67,gondite_archean,0.487
Karnataka,14.382,76.0847,656.4,14.2,1.46,0.293,-0.076,25.6,0.54,520.0,56.0,4.98,816.99,archean,0.498
Karnataka,17.6117,76.5763,483.3,1.9,1.16,0.378,-0.061,31.3,0.799,805.0,45.8,10.13,473.59,archean,0.492
Jharkhand,22.0365,85.3916,106.1,23.0,2.71,0.296,0.256,23.0,0.497,770.6,28.0,2.37,538.23,archean,0.344
Odisha,20.4219,86.3106,531.3,11.6,1.91,0.58,-0.136,28.6,0.544,748.2,14.2,5.96,654.08,gondite_archean,0.518
Maharashtra,19.2672,79.6346,305.3,33.7,1.55,0.634,0.03,22.7,0.617,807.8,68.6,17.25,211.59,gondite_archean,0.574
Odisha,20.1361,85.6384,428.8,29.6,2.72,0.362,-0.158,34.5,0.656,667.9,83.9,0.8,596.14,gondite_archean,0.495
Madhya Pradesh,22.5812,78.6929,234.4,26.1,2.62,0.28,-0.243,22.4,0.707,1104.7,-0.0,3.97,164.33,gondite_archean,0.525
Madhya Pradesh,22.7387,81.9023,209.2,24.6,1.33,0.407,0.131,33.1,0.596,673.2,-2.2,0.66,205.67,gondite_archean,0.499
Odisha,22.1826,84.1715,358.7,8.7,1.19,0.192,0.011,23.1,0.485,920.3,64.2,8.42,413.73,gondite_archean,0.51
Madhya Pradesh,22.1352,76.664,635.6,34.8,2.05,0.485,0.138,29.4,0.572,643.8,13.6,6.14,273.62,gondite_archean,0.508
Odisha,20.8511,86.1466,378.1,23.6,2.43,0.706,-0.159,28.4,0.569,936.0,40.3,7.82,626.92,gondite_archean,0.617
Odisha,21.7658,83.947,760.9,27.6,2.18,0.172,-0.118,26.2,0.475,732.2,40.6,2.92,388.97,gondite_archean,0.507
Karnataka,14.9068,76.9024,512.5,32.3,1.59,0.745,0.211,25.3,0.467,893.3,43.0,2.91,731.68,archean,0.505
Odisha,20.7089,84.1073,656.0,12.8,2.93,0.535,0.193,24.1,0.856,720.0,22.1,5.59,424.67,gondite_archean,0.555
Karnataka,12.9514,75.9701,154.5,1.9,0.58,0.728,0.03,37.5,0.304,530.7,-43.4,0.89,969.97,archean,0.389
Madhya Pradesh,21.7561,78.9567,620.2,6.2,0.37,0.618,-0.024,22.9,0.492,697.8,29.2,0.85,68.8,gondite_archean,0.49
Maharashtra,19.1557,79.5188,897.4,28.7,1.92,0.334,0.074,30.4,0.435,738.2,35.2,1.73,224.39,gondite_archean,0.537
Karnataka,14.6918,77.8102,686.9,27.2,0.23,0.4,-0.011,22.3,0.624,500.7,31.5,1.94,730.75,archean,0.337
Odisha,20.2236,86.9156,741.2,33.6,1.57,0.216,0.029,29.3,0.417,772.0,67.6,5.17,720.72,gondite_archean,0.438
Karnataka,14.5641,76.3378,728.0,31.3,2.87,0.622,-0.111,33.0,0.328,578.7,26.6,8.11,788.05,archean,0.441
Madhya Pradesh,24.1329,79.0934,591.1,3.3,1.65,0.24,0.142,30.2,0.533,798.0,44.3,0.6,282.25,gondite_archean,0.466
Odisha,19.5363,86.8478,690.0,13.0,1.03,0.36,0.165,32.6,0.506,692.8,45.5,11.56,737.85,gondite_archean,0.435
Odisha,19.5628,83.7876,874.3,11.0,2.35,0.525,-0.071,25.3,0.594,594.9,54.4,6.05,450.22,gondite_archean,0.584
Odisha,22.4055,86.2955,334.3,34.3,1.89,0.499,0.149,35.0,0.458,851.8,52.3,2.04,633.58,gondite_archean,0.507
Karnataka,14.8085,76.2576,590.4,33.1,0.87,0.223,-0.182,36.2,0.359,842.6,36.4,14.99,766.06,archean,0.393
Goa,15.2018,74.1775,468.4,29.6,2.24,0.616,0.094,24.8,0.479,426.1,7.2,10.36,840.52,laterite,0.221
Andhra Pradesh,17.8203,83.5117,772.6,25.9,1.72,0.504,0.005,26.8,0.687,634.7,25.0,11.45,550.01,kodurite_archean,0.384
Odisha,20.8847,83.5327,297.3,25.7,2.98,0.21,-0.059,34.8,0.591,499.9,56.4,1.67,361.83,gondite_archean,0.564
Karnataka,17.0946,76.7169,104.2,26.9,0.3,0.597,-0.179,37.3,0.346,438.7,17.4,16.74,515.23,archean,0.303
Jharkhand,22.7366,85.8972,677.7,31.1,1.86,0.385,-0.052,33.1,0.66,545.4,33.3,5.25,597.42,archean,0.359
Madhya Pradesh,21.227,78.6399,549.2,20.1,1.89,0.556,0.183,26.3,0.559,1042.5,66.3,9.84,47.45,gondite_archean,0.566
Maharashtra,20.2932,79.3804,218.0,12.2,1.42,0.203,-0.168,31.6,0.583,895.4,84.9,12.32,99.95,gondite_archean,0.488
Odisha,20.7297,86.4393,407.1,20.4,1.85,0.261,-0.083,27.4,0.497,934.3,-9.0,22.6,659.39,gondite_archean,0.441
Odisha,20.789,86.5546,773.5,7.3,2.45,0.425,-0.01,24.1,0.585,704.3,-33.4,10.46,669.87,gondite_archean,0.44
Maharashtra,19.3973,79.7205,208.3,26.5,2.04,0.724,-0.259,22.9,0.443,601.5,47.3,2.3,197.26,gondite_archean,0.504
Odisha,21.7782,85.0741,721.4,3.2,1.57,0.17,-0.262,36.5,0.572,553.8,-5.7,18.41,505.3,gondite_archean,0.337
Odisha,21.4914,86.8719,548.1,32.9,0.35,0.401,-0.144,33.7,0.427,893.4,5.1,28.61,692.43,gondite_archean,0.575
Madhya Pradesh,22.2233,74.9128,221.0,8.7,0.9,0.66,0.037,30.4,0.525,810.5,47.9,0.68,447.78,gondite_archean,0.646
Karnataka,15.1505,75.1631,856.6,29.9,2.07,0.427,-0.053,32.4,0.435,674.8,63.7,4.92,785.48,archean,0.433
Odisha,21.8588,84.2048,306.9,6.6,1.12,0.604,0.012,25.3,0.517,882.3,46.3,11.83,415.48,gondite_archean,0.521
Odisha,19.6956,85.1238,827.4,19.3,1.59,0.213,0.094,35.2,0.717,666.4,-7.4,12.59,564.77,gondite_archean,0.45
Madhya Pradesh,23.221,80.3833,416.8,32.1,1.69,0.245,0.118,34.7,0.66,694.4,31.8,32.85,159.39,gondite_archean,0.484
Odisha,20.106,84.1448,815.2,23.2,0.63,0.414,0.069,23.3,0.583,828.2,51.4,4.33,452.72,gondite_archean,0.521
Jharkhand,23.3358,86.2693,232.8,31.0,1.4,0.247,-0.292,31.0,0.735,704.8,8.7,15.63,648.09,archean,0.418
Andhra Pradesh,18.3112,83.9205,351.5,17.0,2.5,0.426,-0.085,29.9,0.41,708.5,30.4,13.99,548.4,kodurite_archean,0.248
Odisha,20.2196,83.9969,378.4,16.3,2.3,0.541,0.073,27.6,0.548,1025.0,39.3,1.08,433.4,gondite_archean,0.549
Maharashtra,19.8128,79.8727,155.7,6.9,2.6,0.286,0.202,26.5,0.725,982.5,-10.0,1.91,152.69,gondite_archean,0.511
Odisha,20.4118,85.7861,850.6,30.6,2.34,0.623,0.099,26.2,0.593,910.1,14.2,4.74,601.64,gondite_archean,0.522
Karnataka,17.6197,76.6866,404.3,34.2,0.51,0.404,-0.275,33.8,0.493,744.3,17.9,19.33,466.5,archean,0.423
Maharashtra,21.0123,78.536,870.2,25.7,1.05,0.648,-0.131,36.0,0.601,650.8,15.6,2.22,59.48,gondite_archean,0.538
Odisha,20.9063,84.5544,578.7,11.1,1.04,0.596,-0.271,36.4,0.611,959.8,61.0,1.64,463.77,gondite_archean,0.581
Odisha,20.2185,86.281,127.7,20.8,2.99,0.663,0.013,23.0,0.602,1012.7,45.0,14.14,657.2,gondite_archean,0.586
Andhra Pradesh,18.3577,83.5349,444.3,11.8,1.42,0.614,0.061,36.3,0.723,287.4,47.3,9.7,512.84,kodurite_archean,0.44
Odisha,21.0371,83.8648,407.6,17.6,2.03,0.72,0.06,33.9,0.835,801.4,35.8,3.59,390.74,gondite_archean,0.553
Karnataka,12.2967,75.0601,321.5,34.0,1.13,0.439,-0.182,31.8,0.413,526.1,23.7,0.06,1073.7,archean,0.38
Odisha,19.6102,83.8781,371.1,28.3,1.8,0.458,-0.124,36.9,0.467,741.1,16.2,3.39,455.21,gondite_archean,0.484
Karnataka,17.6824,76.4742,661.8,34.8,0.57,0.315,-0.063,28.7,0.62,623.7,48.1,2.96,473.17,archean,0.515
Andhra Pradesh,18.9326,84.1424,101.3,22.6,0.34,0.305,-0.264,31.7,0.385,578.6,-4.0,3.68,521.74,kodurite_archean,0.12
Odisha,20.7568,86.1291,156.8,3.7,1.19,0.715,0.101,32.9,0.701,433.2,43.6,16.55,627.19,gondite_archean,0.547
Maharashtra,19.3014,80.3049,153.2,19.2,0.6,0.157,-0.047,26.7,0.881,682.9,-10.6,10.45,218.72,gondite_archean,0.506
Madhya Pradesh,23.9596,79.5399,443.9,23.9,0.97,0.334,0.173,29.1,0.623,877.7,-7.1,6.98,248.93,gondite_archean,0.429
Karnataka,15.907,77.3223,650.7,13.7,0.67,0.408,-0.214,36.2,0.404,574.0,30.0,8.1,612.03,archean,0.367
Karnataka,12.4661,76.1385,349.0,24.0,1.9,0.369,-0.169,37.8,0.747,567.6,27.7,0.22,1015.31,archean,0.352
Karnataka,18.2661,76.0368,131.2,2.1,1.29,0.246,-0.286,34.1,0.304,589.0,26.5,17.54,452.71,archean,0.348
Madhya Pradesh,23.8935,81.8721,330.7,33.7,1.29,0.381,-0.096,30.7,0.582,543.9,77.7,14.35,290.25,gondite_archean,0.519
Karnataka,13.9652,75.5373,255.7,3.0,1.16,0.312,0.28,30.9,0.635,295.1,24.5,7.87,883.11,archean,0.295
Karnataka,14.6116,78.4754,804.3,22.2,1.79,0.522,-0.179,28.3,0.516,546.5,-9.3,26.6,729.94,archean,0.36
Goa,15.5777,74.0667,796.0,5.4,2.41,0.225,0.177,26.4,0.425,185.5,9.3,15.93,815.25,laterite,0.175
Madhya Pradesh,22.3137,76.2863,262.6,26.9,1.28,0.457,-0.005,31.2,0.703,712.6,48.8,25.0,317.18,gondite_archean,0.59
Odisha,19.8278,86.4889,451.3,29.8,2.7,0.187,0.23,29.2,0.84,818.5,87.3,10.26,691.35,gondite_archean,0.541
Maharashtra,19.3361,79.0988,387.0,28.4,0.98,0.276,0.274,22.1,0.496,951.3,51.3,1.23,201.7,gondite_archean,0.561
Maharashtra,20.9223,79.8171,712.9,29.8,1.92,0.203,-0.007,23.2,0.363,453.5,33.6,0.94,32.55,gondite_archean,0.442
Andhra Pradesh,18.9215,82.6446,864.1,18.8,1.04,0.196,0.0,34.7,0.448,526.5,12.8,2.8,400.43,kodurite_archean,0.216
Odisha,20.343,86.3122,843.4,14.8,2.74,0.343,-0.014,25.6,0.569,784.6,-2.9,8.35,656.51,gondite_archean,0.523
Odisha,22.166,85.2608,459.5,20.9,1.95,0.193,0.11,25.9,0.661,891.9,44.3,5.87,525.44,gondite_archean,0.587
Odisha,21.826,84.4499,497.4,10.7,0.57,0.528,-0.267,34.0,0.485,783.1,62.3,0.52,440.8,gondite_archean,0.469
Andhra Pradesh,17.5057,82.9936,692.7,11.8,0.49,0.366,-0.138,35.5,0.593,377.3,12.8,19.26,537.61,kodurite_archean,0.314
Karnataka,18.2665,74.8572,649.6,17.8,1.29,0.53,0.122,22.1,0.583,496.7,33.6,11.45,546.88,archean,0.406
Jharkhand,23.4051,85.5961,184.3,27.6,2.0,0.179,-0.084,37.3,0.18,663.4,-7.2,3.68,583.88,archean,0.299
Karnataka,12.3403,77.5703,433.2,29.0,2.58,0.277,0.094,29.6,0.487,733.0,53.1,2.8,992.84,archean,0.515
Odisha,21.4549,86.0851,352.5,22.9,1.31,0.578,-0.18,36.2,0.455,497.5,-5.2,14.44,611.56,gondite_archean,0.431
Odisha,20.6373,84.6807,115.5,5.2,1.36,0.446,-0.057,30.5,0.551,783.0,51.9,5.86,484.09,gondite_archean,0.511
Maharashtra,19.7797,80.048,718.3,18.7,2.93,0.225,-0.29,34.3,0.531,818.4,62.9,5.84,160.06,gondite_archean,0.47
Karnataka,14.4163,74.5054,339.8,23.0,2.93,0.658,-0.286,36.4,0.6,795.4,-28.0,2.89,892.13,archean,0.368
Odisha,20.1847,84.3631,487.3,26.4,1.53,0.185,0.275,37.1,0.624,790.3,33.3,2.04,469.92,gondite_archean,0.444
Odisha,19.9224,85.6784,725.1,20.7,0.61,0.637,0.082,28.2,0.42,949.7,54.4,2.75,608.21,gondite_archean,0.526
Karnataka,17.7859,77.3309,149.8,6.0,0.22,0.529,-0.031,24.1,0.525,776.9,28.9,9.11,417.04,archean,0.324
Odisha,20.3241,86.3244,467.7,19.6,1.41,0.176,-0.201,29.1,0.614,854.2,39.6,2.4,658.3,gondite_archean,0.513
Karnataka,15.8581,74.7923,597.9,34.4,0.73,0.626,0.245,37.1,0.523,774.4,26.7,10.14,742.57,archean,0.352
Odisha,21.4218,85.8331,230.2,20.2,2.36,0.449,-0.293,22.1,0.634,738.5,54.1,2.01,585.89,gondite_archean,0.45
Karnataka,17.5123,77.4154,176.3,15.6,0.28,0.439,0.097,23.9,0.429,346.7,-4.8,11.23,440.99,archean,0.23
Goa,15.7607,74.0886,385.7,27.8,0.9,0.488,-0.085,32.5,0.355,300.5,-28.6,0.32,798.19,laterite,0.193
Odisha,20.0257,86.5337,326.0,33.3,1.83,0.412,0.048,30.3,0.463,971.6,57.9,23.42,688.74,gondite_archean,0.485
Goa,15.3356,74.1902,481.1,17.9,0.77,0.505,-0.188,27.3,0.396,508.8,9.9,4.21,827.92,laterite,0.266
Andhra Pradesh,18.7537,83.1644,654.9,27.2,2.03,0.241,0.226,30.6,0.401,176.7,34.1,0.45,455.04,kodurite_archean,0.093
Jharkhand,22.4523,85.6084,343.2,8.8,0.2,0.588,0.28,25.6,0.666,824.1,22.5,2.89,563.81,archean,0.518
Karnataka,16.632,77.7671,245.3,13.6,2.73,0.634,0.291,34.1,0.695,316.0,13.8,6.29,521.28,archean,0.408
Maharashtra,19.4183,80.0613,567.0,33.4,0.32,0.309,0.061,26.7,0.676,940.7,39.2,5.69,199.45,gondite_archean,0.468
Karnataka,18.064,77.81,657.8,25.3,1.49,0.703,0.117,33.7,0.469,795.3,15.4,3.39,368.4,archean,0.46
Karnataka,18.3604,77.9261,660.9,25.7,1.77,0.718,-0.002,28.1,0.575,553.1,11.0,0.2,333.24,archean,0.505
Andhra Pradesh,17.5171,83.9074,876.2,15.9,0.86,0.573,0.19,30.7,0.688,518.0,10.9,12.88,603.66,kodurite_archean,0.325
Madhya Pradesh,22.3879,75.0537,792.2,6.3,1.07,0.324,0.223,32.8,0.482,934.4,66.2,14.31,438.93,gondite_archean,0.628
Goa,15.0097,74.137,141.5,19.7,1.01,0.334,-0.088,31.9,0.586,246.3,-7.5,12.25,860.18,laterite,0.174
Odisha,20.7983,85.8991,366.0,2.9,1.25,0.717,0.085,32.7,0.418,884.2,76.4,0.86,602.83,gondite_archean,0.536
Odisha,20.329,85.0121,884.3,3.3,1.65,0.258,0.282,23.8,0.742,657.3,22.3,3.4,527.37,gondite_archean,0.581
Karnataka,13.7178,75.3213,486.4,10.1,1.0,0.544,0.281,31.7,0.51,697.1,33.7,7.82,917.89,archean,0.371
Madhya Pradesh,21.9359,74.1209,872.0,9.5,2.09,0.574,0.066,27.0,0.639,472.7,33.0,7.09,521.29,gondite_archean,0.502
Maharashtra,20.7003,79.3163,112.3,20.8,0.91,0.42,0.275,28.4,0.514,864.1,16.8,11.04,55.25,gondite_archean,0.505
Goa,15.3472,73.9294,447.5,25.6,0.23,0.504,0.068,32.2,0.537,225.4,18.6,0.11,844.38,laterite,0.26
Odisha,20.1432,84.4478,298.0,3.1,1.49,0.59,0.064,32.8,0.609,870.5,3.4,7.67,479.86,gondite_archean,0.505
Maharashtra,20.8448,79.5429,154.8,13.6,2.78,0.501,0.023,26.3,0.657,726.1,66.1,4.85,37.83,gondite_archean,0.63
Madhya Pradesh,21.8693,79.6437,442.1,16.0,2.02,0.712,-0.262,35.2,0.503,425.3,21.1,5.4,55.89,gondite_archean,0.508
Goa,15.0843,74.1822,427.7,23.3,0.93,0.246,-0.204,23.1,0.505,212.2,13.0,9.24,850.63,laterite,0.188
Odisha,20.3676,84.5843,300.0,18.5,1.7,0.364,-0.088,35.3,0.48,981.1,9.8,5.64,483.89,gondite_archean,0.393
Goa,15.7011,73.8513,414.2,19.8,1.61,0.266,0.215,32.8,0.461,452.9,-0.1,7.54,819.88,laterite,0.283
Odisha,21.5209,84.1274,655.2,8.8,0.53,0.249,-0.299,33.5,0.573,1128.9,31.4,3.5,409.1,gondite_archean,0.54
Odisha,20.1671,85.3173,586.2,9.3,0.36,0.385,-0.159,25.5,0.574,869.0,-13.9,4.48,563.37,gondite_archean,0.553
Madhya Pradesh,23.4375,79.6172,237.4,18.0,1.35,0.672,0.079,30.5,0.59,596.6,30.0,1.23,191.03,gondite_archean,0.466
Maharashtra,19.5156,79.2837,816.5,7.9,1.62,0.402,-0.289,34.7,0.555,627.0,89.1,9.33,182.85,gondite_archean,0.592
Odisha,19.5299,86.0321,528.5,29.4,2.5,0.656,-0.009,27.3,0.531,1066.0,46.7,17.13,659.02,gondite_archean,0.523
Karnataka,12.492,76.0513,742.8,31.7,0.77,0.19,0.226,28.2,0.58,668.9,33.6,0.62,1015.47,archean,0.365
Karnataka,17.2248,76.2339,897.7,20.0,1.1,0.282,-0.09,28.0,0.498,536.5,72.8,8.55,529.54,archean,0.397
Maharashtra,19.0209,78.9353,629.3,17.5,0.21,0.633,0.164,30.8,0.728,862.9,57.2,5.84,237.29,gondite_archean,0.608
Odisha,21.5135,85.6717,693.8,6.8,0.75,0.684,0.15,36.5,0.625,1068.3,58.0,6.92,568.4,gondite_archean,0.598
Madhya Pradesh,21.5477,77.7914,673.1,10.2,0.77,0.338,-0.155,25.4,0.662,748.7,4.1,0.64,141.57,gondite_archean,0.487
Maharashtra,19.957,80.1437,627.6,28.1,0.96,0.565,-0.142,37.0,0.389,1001.0,18.0,9.49,144.34,gondite_archean,0.466
Odisha,21.2859,84.4262,629.6,28.7,2.38,0.607,-0.187,23.4,0.446,1066.9,26.9,2.4,442.86,gondite_archean,0.521
Odisha,22.1376,84.3519,545.9,2.3,2.07,0.344,0.239,36.2,0.64,721.5,26.7,6.88,431.83,gondite_archean,0.521
Odisha,19.7848,86.9961,361.3,26.4,2.46,0.665,0.299,25.9,0.548,679.2,68.8,6.68,743.05,gondite_archean,0.505
Karnataka,16.2532,75.4281,111.5,27.0,1.95,0.607,-0.277,35.4,0.649,1064.0,53.0,7.07,667.16,archean,0.519
Madhya Pradesh,24.4674,80.0538,453.8,25.1,1.29,0.287,0.058,36.9,0.535,892.1,1.6,43.47,296.88,gondite_archean,0.424
Jharkhand,23.299,86.6088,672.1,21.2,0.35,0.423,0.105,32.8,0.587,627.9,28.8,9.39,680.84,archean,0.326
Maharashtra,20.6216,79.0506,225.0,22.6,1.88,0.258,0.123,29.3,0.674,874.7,51.5,9.62,58.9,gondite_archean,0.632
Andhra Pradesh,18.7042,84.4218,528.7,17.6,1.33,0.242,0.044,26.4,0.488,663.1,-26.7,0.43,560.57,kodurite_archean,0.338
Odisha,20.77,83.796,585.5,31.0,2.67,0.545,-0.173,35.8,0.54,822.4,16.0,12.98,391.75,gondite_archean,0.542
Jharkhand,22.0601,86.7947,598.1,34.1,1.5,0.658,-0.263,27.4,0.561,721.7,12.1,1.89,682.86,archean,0.414
Odisha,20.9073,84.44,180.8,6.7,0.61,0.734,0.156,37.5,0.356,687.4,23.1,2.85,452.18,gondite_archean,0.548
Odisha,19.889,84.3976,384.3,23.9,0.38,0.276,0.185,24.4,0.666,704.0,-9.6,6.63,487.04,gondite_archean,0.441
Andhra Pradesh,17.7057,83.6614,504.4,5.9,1.95,0.314,-0.007,23.3,0.244,431.2,-12.8,10.33,570.29,kodurite_archean,0.074
Madhya Pradesh,23.3352,80.2164,789.8,11.7,1.71,0.654,0.294,36.2,0.418,680.1,81.0,5.43,170.75,gondite_archean,0.543
Karnataka,17.4485,75.9456,787.8,14.8,1.12,0.422,0.157,24.0,0.551,409.0,20.0,8.28,527.49,archean,0.53
Odisha,21.158,84.8026,629.3,5.8,1.8,0.261,-0.133,25.5,0.613,693.9,47.9,28.03,483.59,gondite_archean,0.451
Madhya Pradesh,21.5005,76.9964,738.2,13.5,0.44,0.484,0.207,34.7,0.622,584.4,21.3,16.58,220.33,gondite_archean,0.427
Odisha,20.2897,83.5023,796.5,27.9,1.96,0.6,-0.209,29.3,0.474,727.7,59.1,0.33,383.49,gondite_archean,0.527
Odisha,20.1226,84.3335,826.7,16.9,1.51,0.606,-0.207,29.8,0.793,499.8,67.7,1.5,469.86,gondite_archean,0.53
Odisha,20.1133,84.6914,508.5,21.9,2.75,0.456,0.001,22.8,0.567,677.6,68.4,1.4,504.58,gondite_archean,0.515
Odisha,20.8471,84.3312,139.7,25.6,0.51,0.515,-0.131,24.8,0.707,682.6,74.1,1.07,442.83,gondite_archean,0.521
Maharashtra,19.5923,79.8548,552.6,32.6,1.28,0.19,-0.289,35.2,0.744,807.6,20.8,0.24,176.72,gondite_archean,0.426
Jharkhand,23.3357,86.8664,312.4,21.8,2.1,0.341,0.209,37.2,0.56,766.7,4.7,26.45,707.39,archean,0.301
Odisha,21.6481,85.9719,598.2,34.7,1.07,0.354,-0.253,29.1,0.462,529.7,26.7,21.12,598.49,gondite_archean,0.355
Odisha,19.7771,84.0698,576.2,6.1,2.91,0.418,0.001,25.9,0.809,705.5,59.0,6.9,462.68,gondite_archean,0.589
Goa,15.6539,74.1785,144.5,1.2,0.79,0.548,-0.053,28.4,0.408,538.8,-18.0,1.69,801.08,laterite,0.281
Odisha,20.5263,85.0049,764.8,5.1,2.26,0.469,-0.127,29.9,0.654,455.0,8.2,0.99,519.94,gondite_archean,0.444
Madhya Pradesh,24.1584,76.7517,686.4,23.4,2.81,0.643,0.04,32.5,0.534,951.9,50.1,0.88,411.66,gondite_archean,0.583
Madhya Pradesh,22.6239,74.9497,884.5,8.3,0.39,0.507,0.143,22.5,0.611,1196.2,-5.2,22.29,457.53,gondite_archean,0.531
Andhra Pradesh,18.9754,83.0193,875.8,15.7,1.17,0.18,-0.268,33.1,0.288,463.2,-18.6,6.9,428.2,kodurite_archean,0.252
Karnataka,17.3531,77.7828,481.9,12.9,1.22,0.633,-0.103,25.3,0.512,489.7,59.6,2.0,443.93,archean,0.437
Karnataka,17.2546,77.7945,407.7,16.6,1.05,0.71,-0.229,36.9,0.56,1051.4,28.1,4.19,453.99,archean,0.446
Odisha,21.4692,86.899,549.8,25.3,0.39,0.401,-0.23,31.8,0.582,877.5,33.0,6.4,695.41,gondite_archean,0.465
Karnataka,17.4187,77.7587,589.5,13.7,0.91,0.214,-0.087,28.6,0.659,917.3,24.7,1.6,437.79,archean,0.384
Odisha,21.9819,83.6467,435.3,6.7,2.66,0.484,-0.161,30.0,0.602,728.8,72.7,4.13,358.25,gondite_archean,0.628
Maharashtra,20.3282,79.8549,442.8,25.9,2.51,0.238,0.2,30.6,0.532,1012.9,56.7,2.31,95.99,gondite_archean,0.534
Andhra Pradesh,18.226,83.5282,346.8,20.5,1.11,0.174,-0.137,22.1,0.651,371.6,49.5,13.1,521.48,kodurite_archean,0.218
Goa,15.3202,74.1916,312.7,34.7,0.27,0.512,0.096,33.0,0.493,189.6,-8.3,6.33,829.17,laterite,0.13
Karnataka,13.0415,75.1837,434.5,26.7,2.71,0.2,-0.064,23.6,0.384,728.9,19.5,16.22,992.43,archean,0.318
Goa,15.3357,73.8253,131.5,20.5,1.3,0.167,0.05,22.2,0.359,620.9,12.0,4.06,852.49,laterite,0.169
Jharkhand,23.0884,85.5505,667.6,10.2,2.73,0.375,0.03,22.8,0.665,606.2,14.0,2.05,570.18,archean,0.439
Andhra Pradesh,18.8956,82.6907,460.0,12.5,2.64,0.2,-0.173,34.0,0.469,378.5,-31.5,4.01,406.01,kodurite_archean,0.192
Madhya Pradesh,21.5648,78.576,744.3,26.8,0.63,0.24,-0.139,27.8,0.764,607.0,77.6,1.72,70.43,gondite_archean,0.513
Madhya Pradesh,21.9094,81.0887,816.6,11.1,0.84,0.397,-0.156,32.8,0.622,974.6,29.0,1.36,94.57,gondite_archean,0.615
Maharashtra,19.9012,79.8425,316.5,3.8,2.98,0.244,0.293,37.6,0.633,1003.1,64.7,2.73,142.5,gondite_archean,0.569
Karnataka,16.026,76.1448,442.0,12.2,1.78,0.66,-0.179,37.0,0.631,768.6,65.5,0.13,648.76,archean,0.512
Andhra Pradesh,17.5602,84.2798,893.6,11.0,0.79,0.609,-0.148,35.8,0.416,688.9,39.3,7.39,629.99,kodurite_archean,0.434
Maharashtra,20.4384,79.3581,320.7,27.1,0.83,0.565,-0.16,32.0,0.463,922.0,65.2,0.37,83.89,gondite_archean,0.597
Maharashtra,19.8533,79.4571,843.1,12.3,1.5,0.158,-0.251,26.1,0.569,725.5,74.5,1.54,147.78,gondite_archean,0.389
Odisha,21.4915,86.8786,140.3,31.3,1.82,0.488,0.0,23.1,0.584,620.4,54.1,4.17,693.12,gondite_archean,0.495
Odisha,21.6442,84.5267,520.4,24.7,2.72,0.625,0.106,32.9,0.546,830.5,54.7,8.03,449.33,gondite_archean,0.468
Madhya Pradesh,21.0569,79.8302,358.8,23.6,1.76,0.356,-0.219,23.5,0.469,837.4,76.8,12.11,22.53,gondite_archean,0.538
Odisha,19.5001,85.9925,385.3,9.7,0.24,0.474,0.211,37.3,0.633,1333.2,40.9,3.82,656.56,gondite_archean,0.522
Madhya Pradesh,22.3605,75.9224,176.0,11.7,0.47,0.256,0.292,29.1,0.688,798.2,24.4,2.92,353.73,gondite_archean,0.551
Karnataka,16.3713,77.2288,352.2,5.5,1.97,0.227,0.047,33.1,0.644,823.9,28.8,10.48,566.32,archean,0.473
Madhya Pradesh,21.6532,74.2055,327.6,16.1,1.93,0.66,-0.182,24.0,0.867,651.6,17.1,0.47,508.74,gondite_archean,0.537
Odisha,21.2568,85.4052,287.0,22.7,2.5,0.175,-0.001,33.0,0.459,564.1,59.3,13.28,543.82,gondite_archean,0.466
Madhya Pradesh,23.5558,76.9186,612.8,16.9,0.73,0.571,0.034,27.7,0.515,748.9,57.6,3.22,348.45,gondite_archean,0.589
Maharashtra,19.9898,80.0125,463.3,15.0,2.82,0.301,-0.228,31.4,0.549,847.7,33.9,5.64,136.55,gondite_archean,0.472
Odisha,21.4743,86.9921,461.4,13.1,1.32,0.219,0.23,28.6,0.75,556.4,88.2,0.51,704.97,gondite_archean,0.488
Andhra Pradesh,18.9108,83.7975,863.7,6.1,1.54,0.511,0.049,28.4,0.37,437.7,-11.1,10.61,495.37,kodurite_archean,0.227
Odisha,19.6757,85.4333,576.2,30.6,1.82,0.357,0.182,30.6,0.575,621.7,33.3,2.81,595.11,gondite_archean,0.525
Odisha,19.9543,85.0147,576.5,3.7,2.83,0.603,0.052,35.3,0.554,613.7,65.8,12.24,542.56,gondite_archean,0.545
Odisha,22.3226,83.9352,800.1,34.0,0.7,0.583,-0.276,28.5,0.876,886.3,43.1,5.25,391.32,gondite_archean,0.598
Andhra Pradesh,18.9258,82.5441,886.0,3.9,2.48,0.318,-0.221,29.0,0.318,815.9,20.1,18.62,391.98,kodurite_archean,0.236
Karnataka,13.4062,76.2703,138.7,28.9,2.51,0.503,-0.088,34.8,0.672,702.6,59.8,7.3,911.54,archean,0.496
Karnataka,18.2266,76.6645,584.1,8.5,1.95,0.493,-0.189,23.0,0.688,770.8,-9.8,8.79,412.47,archean,0.416
Odisha,20.8255,84.0718,247.6,7.9,1.28,0.181,-0.061,30.2,0.275,712.3,33.5,5.64,417.44,gondite_archean,0.44
Odisha,19.7135,85.5085,552.8,30.9,1.76,0.726,-0.271,23.6,0.812,899.3,26.2,0.64,600.6,gondite_archean,0.615
Odisha,19.8808,83.9315,514.8,9.4,1.2,0.744,0.111,37.2,0.52,577.5,18.7,0.03,444.41,gondite_archean,0.5
Maharashtra,20.6045,79.3216,491.7,15.1,0.27,0.351,-0.194,23.6,0.573,881.5,15.5,4.0,65.25,gondite_archean,0.586
Odisha,19.7909,84.1266,738.0,24.0,1.73,0.435,0.253,23.2,0.452,517.6,51.0,14.21,467.1,gondite_archean,0.442
Odisha,20.698,84.9339,882.6,7.2,2.44,0.351,0.139,28.7,0.704,836.6,46.9,0.49,507.65,gondite_archean,0.547
Maharashtra,19.35,79.3316,538.9,14.7,1.65,0.748,-0.219,32.8,0.44,723.3,72.6,5.29,201.74,gondite_archean,0.482
Karnataka,14.3258,76.8751,560.5,6.5,1.52,0.482,0.042,25.4,0.665,535.2,-11.7,9.5,794.2,archean,0.406
Madhya Pradesh,23.7869,79.8802,588.1,17.6,0.57,0.307,-0.049,31.6,0.338,803.9,38.4,2.69,223.05,gondite_archean,0.458
Maharashtra,19.0599,79.6697,853.2,6.9,1.52,0.205,0.075,30.8,0.63,277.8,37.4,0.18,234.65,gondite_archean,0.448
Andhra Pradesh,18.3657,84.2813,577.6,28.5,1.4,0.6,0.248,31.2,0.401,352.0,1.1,2.93,573.76,kodurite_archean,0.218
Madhya Pradesh,23.058,77.412,592.3,3.8,0.45,0.253,0.011,25.4,0.474,467.4,71.8,12.82,273.66,gondite_archean,0.538
Goa,15.0161,73.8769,808.9,16.6,1.78,0.548,0.107,36.9,0.518,347.2,2.7,1.99,876.61,laterite,0.249
Odisha,22.0773,85.2502,639.9,9.1,2.32,0.606,-0.112,28.6,0.627,817.5,63.5,11.61,523.84,gondite_archean,0.505
Maharashtra,21.4141,79.2871,204.6,23.8,2.24,0.495,-0.176,30.1,0.478,424.1,70.7,2.11,35.77,gondite_archean,0.594
Karnataka,13.7496,75.2945,726.7,31.9,1.24,0.601,0.238,35.5,0.339,428.6,28.2,0.92,915.94,archean,0.337
Odisha,20.4508,86.3309,800.4,11.3,2.6,0.664,0.159,24.3,0.6,808.4,10.0,5.55,655.32,gondite_archean,0.576
Madhya Pradesh,22.787,74.9596,349.7,28.3,2.61,0.232,0.271,27.3,0.704,935.1,58.8,1.13,463.16,gondite_archean,0.513
Maharashtra,20.8549,79.8554,301.9,30.7,0.67,0.182,0.13,29.6,0.518,990.0,46.9,6.37,41.01,gondite_archean,0.526
Odisha,21.6612,85.2889,583.5,16.7,2.52,0.648,0.126,23.7,0.617,967.5,13.9,16.91,527.91,gondite_archean,0.593
Maharashtra,19.2815,79.3156,809.1,2.6,2.89,0.557,0.079,26.3,0.68,634.1,12.8,0.09,209.1,gondite_archean,0.481
Madhya Pradesh,24.4152,76.9531,385.8,12.7,1.66,0.414,0.228,30.1,0.423,784.9,43.8,7.24,424.03,gondite_archean,0.452
Karnataka,14.7442,77.6403,256.6,28.9,2.02,0.401,-0.025,26.1,0.53,990.2,51.2,43.66,728.59,archean,0.314
Karnataka,17.9845,75.8801,143.8,7.9,1.37,0.282,-0.3,36.6,0.577,795.9,32.5,21.14,486.79,archean,0.376
Karnataka,12.7744,76.5496,379.1,13.7,1.94,0.581,-0.234,22.6,0.507,569.2,14.5,4.7,969.64,archean,0.46
Maharashtra,20.2722,80.2229,792.8,1.3,2.38,0.426,0.293,29.7,0.59,454.9,45.6,3.39,116.26,gondite_archean,0.465
Odisha,20.7104,84.3216,755.1,12.5,2.52,0.15,-0.115,25.9,0.588,514.8,21.9,3.78,445.95,gondite_archean,0.335
Andhra Pradesh,18.8579,83.4859,364.1,4.6,2.87,0.186,-0.121,26.8,0.36,411.5,7.2,8.06,475.19,kodurite_archean,0.24
Odisha,19.7116,86.683,252.1,28.9,1.72,0.197,0.273,26.0,0.536,824.1,77.6,21.84,714.84,gondite_archean,0.501
Goa,15.6557,74.2441,259.4,10.7,1.01,0.376,-0.064,30.7,0.499,246.4,-3.2,5.6,796.48,laterite,0.131
Maharashtra,20.8487,79.7911,224.6,19.6,0.44,0.376,-0.052,22.6,0.544,862.4,52.3,1.22,38.61,gondite_archean,0.561
Maharashtra,19.2717,80.4625,405.3,27.4,1.16,0.527,-0.185,24.3,0.593,952.4,7.2,8.08,227.47,gondite_archean,0.434
Karnataka,12.9653,76.8859,751.5,14.0,0.57,0.268,-0.158,26.8,0.662,994.8,4.2,13.9,939.71,archean,0.487
Odisha,20.9071,86.3033,244.1,4.7,2.67,0.356,0.11,22.4,0.427,1009.4,42.0,2.2,641.81,gondite_archean,0.472
Karnataka,12.5238,75.0887,338.4,4.1,2.75,0.154,-0.01,24.0,0.577,617.3,45.4,6.33,1049.27,archean,0.345
Goa,15.4432,74.0673,256.4,6.7,2.77,0.347,-0.077,34.2,0.486,392.8,25.1,17.02,826.76,laterite,0.297
Odisha,20.2712,85.1276,281.6,26.3,2.77,0.404,-0.095,37.4,0.491,200.0,55.9,6.73,540.86,gondite_archean,0.432
Maharashtra,21.0295,79.1837,447.0,29.8,1.22,0.626,0.265,32.0,0.654,904.3,30.1,0.42,16.55,gondite_archean,0.672
Karnataka,16.3794,76.3014,699.2,13.1,1.98,0.262,0.15,30.7,0.441,473.9,25.9,1.95,606.24,archean,0.46
Jharkhand,23.4303,86.9143,441.7,17.2,2.71,0.465,0.124,26.0,0.396,630.7,47.6,14.62,714.52,archean,0.325
Madhya Pradesh,21.536,79.8249,580.2,25.9,2.36,0.735,0.044,27.5,0.491,819.3,63.6,7.28,44.55,gondite_archean,0.562
Karnataka,15.0773,77.9182,372.0,30.6,0.45,0.616,0.209,24.9,0.375,609.7,36.7,8.07,686.5,archean,0.514
Odisha,20.1352,83.6452,357.7,20.0,2.6,0.55,-0.039,37.2,0.6,814.0,-3.8,0.43,404.61,gondite_archean,0.5
Maharashtra,19.3033,79.1056,526.0,20.2,1.88,0.25,-0.072,31.9,0.569,804.8,6.5,8.79,205.35,gondite_archean,0.478
Madhya Pradesh,23.1086,77.9183,522.9,12.4,1.65,0.269,0.183,25.0,0.545,614.8,19.4,2.59,248.99,gondite_archean,0.569
Madhya Pradesh,22.2145,81.4629,838.1,18.1,1.12,0.592,-0.278,29.6,0.632,733.5,39.1,10.8,140.06,gondite_archean,0.512
Karnataka,12.5551,78.3898,514.4,21.9,0.86,0.44,-0.043,23.2,0.434,538.0,68.2,0.51,958.6,archean,0.429
Madhya Pradesh,21.4172,74.2917,142.2,29.4,0.53,0.177,-0.037,35.5,0.497,463.8,36.9,6.89,498.02,gondite_archean,0.399
Madhya Pradesh,22.1635,76.5243,185.3,13.5,0.48,0.61,0.28,37.5,0.594,983.2,11.8,7.97,288.11,gondite_archean,0.574
Karnataka,15.1331,77.5311,325.5,11.8,2.79,0.184,-0.009,36.6,0.631,1100.8,9.5,15.29,689.0,archean,0.331
Madhya Pradesh,22.8016,74.7966,112.8,33.8,1.26,0.512,-0.252,32.9,0.575,922.0,43.9,11.63,479.26,gondite_archean,0.461
Karnataka,17.7189,77.0947,819.4,22.2,0.57,0.336,-0.179,36.5,0.612,885.5,5.9,11.3,435.1,archean,0.363
Karnataka,13.4676,76.9665,132.3,12.1,1.51,0.239,0.291,25.3,0.485,587.7,18.6,6.67,883.43,archean,0.449
Odisha,19.6033,85.0604,753.3,31.1,0.44,0.473,0.248,28.2,0.538,812.4,42.6,3.61,563.29,gondite_archean,0.536
Goa,15.2205,73.9661,660.6,27.0,2.8,0.273,0.179,33.8,0.421,295.0,-14.9,32.57,852.85,laterite,0.071
Madhya Pradesh,23.5119,81.8129,401.8,28.3,1.42,0.672,-0.192,37.2,0.479,561.1,23.7,7.5,253.59,gondite_archean,0.564
Karnataka,16.8254,75.4133,146.8,11.2,1.53,0.251,-0.087,28.4,0.534,532.9,70.9,4.35,616.91,archean,0.478
Maharashtra,20.0268,79.5093,105.9,24.5,2.05,0.173,-0.079,37.7,0.568,237.4,44.8,6.98,127.96,gondite_archean,0.47
Maharashtra,21.1609,79.4138,480.1,14.1,2.91,0.568,-0.25,35.8,0.468,773.1,-16.6,16.81,24.52,gondite_archean,0.587
Odisha,21.9794,85.4519,143.7,34.0,1.64,0.325,-0.018,35.7,0.446,659.2,28.6,12.11,544.28,gondite_archean,0.402
Karnataka,13.4786,75.1647,366.2,33.0,1.16,0.743,-0.009,24.9,0.508,855.1,4.5,1.63,949.17,archean,0.492
Odisha,19.5655,86.2107,207.5,16.9,1.9,0.407,-0.284,34.5,0.541,967.3,-4.3,3.94,674.69,gondite_archean,0.636
Goa,15.7151,73.9679,592.1,32.5,2.89,0.455,-0.028,26.5,0.242,540.9,-7.3,53.76,810.47,laterite,0.054
Odisha,21.2356,83.789,223.6,15.9,1.63,0.305,-0.11,23.4,0.541,866.0,59.6,0.05,378.56,gondite_archean,0.531
Andhra Pradesh,18.9226,82.6827,229.2,33.7,1.71,0.159,-0.145,29.2,0.601,690.7,66.5,4.16,403.47,kodurite_archean,0.478
Odisha,22.4324,86.4866,498.7,21.5,0.84,0.476,0.117,30.2,0.714,658.0,28.5,3.41,653.41,gondite_archean,0.436
Karnataka,17.0816,76.4367,735.2,20.6,1.16,0.636,-0.157,25.6,0.314,666.5,-43.8,27.28,531.34,archean,0.379
Madhya Pradesh,24.022,75.1156,555.4,30.5,1.83,0.581,-0.077,23.5,0.289,599.6,28.9,27.23,518.09,gondite_archean,0.46
Jharkhand,22.4953,85.6961,816.4,33.9,1.44,0.343,0.016,33.0,0.633,480.0,-10.5,3.03,573.31,archean,0.291
Karnataka,14.0848,75.269,347.6,34.1,1.35,0.417,0.046,37.7,0.613,437.9,47.8,0.74,883.69,archean,0.508
Maharashtra,19.1602,79.6923,691.7,8.2,2.56,0.168,0.206,29.4,0.507,711.8,24.2,7.75,223.52,gondite_archean,0.381
Madhya Pradesh,21.4398,76.3178,291.0,8.3,1.35,0.572,-0.17,27.9,0.595,766.6,10.0,5.64,289.0,gondite_archean,0.437
Maharashtra,21.1458,80.1897,387.7,24.4,1.08,0.187,0.121,22.2,0.353,596.8,64.6,2.9,56.03,gondite_archean,0.547
Andhra Pradesh,17.9409,83.3927,681.6,24.6,2.96,0.285,0.097,31.8,0.521,821.4,11.8,3.25,531.65,kodurite_archean,0.197
Madhya Pradesh,24.1115,78.5544,605.4,18.6,0.34,0.29,-0.005,27.0,0.562,511.2,9.6,4.99,306.2,gondite_archean,0.382
Odisha,22.2832,86.537,666.1,4.6,2.37,0.635,0.161,23.8,0.684,869.1,84.9,4.91,657.35,gondite_archean,0.65
Madhya Pradesh,21.1203,79.1117,165.2,15.8,1.02,0.477,-0.22,33.1,0.5,867.7,40.4,5.04,3.99,gondite_archean,0.648
Odisha,21.4487,86.538,762.5,22.3,0.41,0.217,-0.27,26.1,0.511,656.6,52.8,7.54,658.33,gondite_archean,0.463
Andhra Pradesh,18.5655,82.725,688.7,10.4,1.99,0.355,0.299,26.2,0.509,477.1,35.9,29.33,432.73,kodurite_archean,0.297
Jharkhand,22.1306,86.6437,617.0,23.0,0.56,0.54,0.289,36.6,0.455,645.7,55.8,9.67,667.52,archean,0.4
Karnataka,12.3582,76.2076,475.2,32.6,2.0,0.337,0.015,23.1,0.512,706.0,-26.0,9.18,1024.53,archean,0.344
Maharashtra,20.7883,79.0363,352.5,5.3,2.04,0.174,0.059,35.9,0.545,973.5,18.3,8.89,40.6,gondite_archean,0.511
Andhra Pradesh,17.867,83.3426,771.1,30.8,0.88,0.48,-0.185,23.6,0.444,745.8,31.7,0.77,533.48,kodurite_archean,0.208
Maharashtra,20.4561,78.8732,250.6,7.3,0.36,0.503,0.204,22.3,0.571,661.3,24.9,3.44,80.38,gondite_archean,0.574
Madhya Pradesh,21.9597,74.2129,688.2,22.3,1.83,0.595,0.105,25.3,0.456,711.4,48.0,15.65,512.33,gondite_archean,0.446
Jharkhand,23.2567,85.3682,184.5,28.6,1.82,0.521,0.169,33.3,0.597,750.0,51.3,3.02,556.91,archean,0.374
Jharkhand,22.0668,86.1596,233.2,25.2,0.69,0.291,-0.003,36.6,0.465,585.3,28.9,19.42,617.45,archean,0.455
Odisha,21.4378,84.3151,225.4,24.2,1.86,0.603,-0.114,29.2,0.587,771.1,12.6,3.5,429.33,gondite_archean,0.434
Madhya Pradesh,21.8831,81.3223,312.5,31.5,0.49,0.544,0.244,24.7,0.554,877.8,42.2,2.87,118.26,gondite_archean,0.568
Odisha,20.4112,83.8256,215.1,4.6,1.38,0.627,-0.215,24.1,0.423,888.3,72.1,6.16,408.47,gondite_archean,0.471
Maharashtra,20.7067,79.7575,312.9,2.3,1.48,0.685,0.042,35.3,0.691,1020.0,11.1,12.82,52.71,gondite_archean,0.618
Odisha,21.8421,86.6857,406.3,22.4,1.4,0.413,-0.114,34.2,0.576,757.1,16.2,0.56,671.53,gondite_archean,0.533
Odisha,22.2366,85.7161,676.8,9.7,2.21,0.167,-0.075,32.0,0.593,719.0,55.9,4.16,572.72,gondite_archean,0.418
Madhya Pradesh,21.3761,74.1353,827.7,10.2,2.5,0.75,-0.173,26.2,0.587,795.6,38.5,12.68,514.03,gondite_archean,0.579
Odisha,22.4323,86.8752,231.0,11.2,0.48,0.313,0.19,28.1,0.53,647.4,39.1,4.31,693.21,gondite_archean,0.48
Odisha,22.4585,86.373,325.2,3.4,0.36,0.222,0.048,36.9,0.707,777.7,82.8,10.53,642.04,gondite_archean,0.507
Odisha,20.5836,85.7306,156.6,13.3,1.7,0.748,-0.015,35.1,0.725,717.0,61.6,4.23,591.09,gondite_archean,0.584
Madhya Pradesh,23.2051,77.3391,215.4,4.2,0.25,0.674,-0.158,25.4,0.455,1009.7,7.1,25.7,291.06,gondite_archean,0.481
Andhra Pradesh,18.7957,83.3135,709.9,5.9,0.22,0.162,0.052,29.3,0.441,511.8,58.2,4.68,465.01,kodurite_archean,0.26
Maharashtra,19.5825,80.1263,570.7,8.2,0.86,0.527,0.198,28.7,0.632,701.0,23.5,5.35,183.36,gondite_archean,0.62
Odisha,21.3804,84.7556,896.5,17.3,1.56,0.49,0.25,34.8,0.77,701.9,32.6,1.71,475.36,gondite_archean,0.68
Karnataka,13.5978,78.1594,368.3,33.4,1.69,0.529,0.026,24.1,0.424,610.5,6.0,12.04,845.54,archean,0.492
Odisha,19.9937,84.9222,841.3,25.2,1.37,0.46,-0.249,37.8,0.412,971.5,15.3,27.01,531.95,gondite_archean,0.466
Odisha,21.4441,84.3591,674.0,27.4,2.09,0.519,0.235,23.3,0.419,622.3,60.8,1.91,433.79,gondite_archean,0.571
Odisha,20.3439,84.9389,287.5,1.7,2.66,0.729,-0.095,27.4,0.525,834.2,49.2,7.66,519.62,gondite_archean,0.509
Odisha,21.3676,84.5812,395.0,27.2,2.47,0.39,0.268,28.5,0.549,1091.3,50.7,1.79,457.59,gondite_archean,0.576
Andhra Pradesh,18.7752,83.0783,861.8,2.7,0.62,0.473,0.045,32.3,0.475,455.3,21.8,13.84,446.37,kodurite_archean,0.308
Odisha,21.126,85.1085,499.2,3.5,2.12,0.452,0.159,29.8,0.609,587.6,41.8,7.6,515.47,gondite_archean,0.482
Odisha,22.387,85.3143,158.3,22.3,0.91,0.632,0.191,37.7,0.188,805.7,24.5,6.33,532.97,gondite_archean,0.486
Madhya Pradesh,21.3132,77.3439,782.6,30.1,0.48,0.204,-0.142,36.0,0.607,647.8,44.7,3.52,181.89,gondite_archean,0.438
Maharashtra,19.5842,79.7784,288.5,25.3,2.65,0.226,0.22,31.5,0.536,574.2,50.8,11.38,176.84,gondite_archean,0.419
Odisha,21.0184,86.3512,848.9,18.5,2.86,0.471,-0.063,35.6,0.167,616.4,68.6,14.27,644.69,gondite_archean,0.458
Karnataka,14.1664,76.4677,558.2,9.1,2.42,0.442,-0.1,23.7,0.414,555.9,-18.5,0.29,824.67,archean,0.336
Karnataka,15.5367,76.7068,385.2,16.2,2.9,0.376,-0.145,25.9,0.71,608.5,45.4,0.17,672.89,archean,0.383
Karnataka,17.0431,75.8549,551.0,8.0,2.28,0.181,0.212,25.2,0.479,833.4,5.3,18.91,569.23,archean,0.42
Odisha,20.0356,85.2256,165.6,7.7,2.84,0.736,-0.074,36.8,0.355,846.5,63.6,36.17,559.54,gondite_archean,0.576
Odisha,21.5162,83.6821,190.9,1.1,3.0,0.631,0.172,30.2,0.463,687.1,17.5,11.29,363.29,gondite_archean,0.385
Madhya Pradesh,21.2712,74.1442,181.9,15.0,2.81,0.532,0.181,29.5,0.463,722.6,45.8,1.47,512.85,gondite_archean,0.529
Karnataka,15.1679,77.0004,856.9,20.7,1.71,0.18,-0.262,25.0,0.439,743.1,21.9,2.87,700.82,archean,0.389
Odisha,20.6169,84.3913,491.2,14.9,2.96,0.184,-0.215,22.8,0.496,810.2,39.5,5.99,455.93,gondite_archean,0.547
Madhya Pradesh,21.5978,75.5815,355.1,21.2,0.79,0.22,0.282,22.4,0.63,902.8,19.8,1.26,366.68,gondite_archean,0.462
Maharashtra,20.607,80.0655,850.0,24.5,0.64,0.296,0.205,25.3,0.584,695.5,57.1,8.4,76.04,gondite_archean,0.516
Odisha,22.3436,84.405,369.8,14.7,0.34,0.448,-0.226,28.4,0.705,647.7,27.6,3.65,439.52,gondite_archean,0.52
Karnataka,12.9842,77.6938,665.8,7.5,1.23,0.213,0.077,23.9,0.68,287.8,31.6,1.53,920.02,archean,0.423
Karnataka,17.4804,77.0769,620.6,30.5,2.7,0.702,-0.243,30.7,0.624,822.0,0.3,12.77,459.46,archean,0.444
Maharashtra,19.2153,79.4276,239.2,12.5,0.25,0.39,0.03,31.9,0.676,874.3,29.2,15.26,217.99,gondite_archean,0.486
Odisha,22.4243,86.4489,500.7,34.4,0.47,0.332,0.083,27.6,0.825,1019.9,6.9,3.63,649.47,gondite_archean,0.564
Andhra Pradesh,17.7924,84.1537,550.1,26.9,2.2,0.275,0.041,35.9,0.528,496.0,-11.6,3.95,603.2,kodurite_archean,0.249
Jharkhand,22.6394,86.7362,805.0,12.9,0.43,0.585,-0.113,34.5,0.433,94.1,15.0,4.68,681.24,archean,0.417
Karnataka,14.3877,76.6038,747.0,13.3,1.67,0.552,-0.138,26.4,0.537,716.2,75.2,0.24,796.62,archean,0.535
Madhya Pradesh,22.7833,78.366,387.5,3.8,0.74,0.72,-0.055,29.5,0.598,1136.5,-2.4,10.92,196.36,gondite_archean,0.534
Odisha,20.0698,85.1125,329.0,9.4,2.01,0.541,0.195,28.7,0.539,714.7,39.8,9.9,547.15,gondite_archean,0.515
Odisha,21.0546,83.6314,555.4,32.3,2.91,0.474,-0.025,37.1,0.503,817.8,-1.4,5.08,366.72,gondite_archean,0.451
Karnataka,15.7839,75.9271,231.4,18.1,2.52,0.548,-0.097,37.0,0.548,840.3,17.1,2.27,683.52,archean,0.431
Karnataka,16.0853,76.729,694.1,10.5,1.78,0.203,-0.052,34.0,0.518,299.7,12.2,15.56,615.63,archean,0.201
Maharashtra,21.2061,78.907,798.7,3.0,2.69,0.347,-0.111,30.2,0.673,702.1,6.6,4.42,19.97,gondite_archean,0.503
Karnataka,17.9502,77.5477,504.1,34.6,1.5,0.185,-0.143,29.0,0.427,837.9,68.5,22.68,390.77,archean,0.443
Goa,15.4122,74.1873,549.7,19.8,0.52,0.226,0.018,26.3,0.45,335.2,21.9,5.3,821.4,laterite,0.198
Odisha,21.1551,86.4438,897.5,15.6,1.1,0.694,-0.185,31.8,0.5,759.5,6.5,9.27,652.05,gondite_archean,0.43
Goa,15.2144,74.2057,144.3,19.3,0.4,0.71,0.16,32.5,0.498,632.2,10.4,1.0,837.57,laterite,0.322
Madhya Pradesh,21.4441,78.7399,486.0,22.2,0.23,0.267,-0.005,37.2,0.412,400.3,57.1,2.84,48.83,gondite_archean,0.586
Karnataka,13.415,78.3641,204.5,13.6,0.27,0.283,0.168,25.2,0.514,494.1,43.5,19.73,863.53,archean,0.408
Andhra Pradesh,18.5248,82.6047,726.3,29.7,2.44,0.455,-0.16,35.5,0.417,398.4,32.6,1.66,426.6,kodurite_archean,0.251
Odisha,22.4957,83.5869,768.2,13.4,2.56,0.483,0.241,36.8,0.656,544.7,35.8,7.47,359.29,gondite_archean,0.548
Odisha,21.9149,86.8856,314.9,17.8,0.44,0.485,0.002,24.3,0.328,645.1,102.2,0.07,692.1,gondite_archean,0.574
Maharashtra,20.7825,79.2326,142.3,26.7,2.87,0.294,-0.106,24.9,0.422,831.2,72.6,6.57,43.46,gondite_archean,0.494
Karnataka,14.7316,76.7484,104.7,3.7,2.67,0.197,0.124,36.7,0.426,381.1,53.6,22.77,755.4,archean,0.355
Maharashtra,19.2165,79.8383,428.2,17.0,0.34,0.265,0.174,29.3,0.453,475.5,49.3,2.54,218.1,gondite_archean,0.497
Odisha,20.256,86.7226,565.3,19.1,1.87,0.37,0.184,30.4,0.647,792.2,57.4,11.55,700.35,gondite_archean,0.493
Odisha,19.609,83.8565,682.8,7.8,1.24,0.451,0.135,23.8,0.511,270.7,71.4,1.51,453.38,gondite_archean,0.493
Andhra Pradesh,18.5393,83.6117,659.6,15.0,0.59,0.549,0.015,32.2,0.551,456.1,-3.1,4.78,507.14,kodurite_archean,0.293
Maharashtra,20.9853,79.4892,815.8,10.1,1.35,0.689,0.238,33.0,0.512,943.2,24.7,4.33,26.46,gondite_archean,0.541
Odisha,20.4617,83.9724,336.9,20.5,1.44,0.358,0.148,36.3,0.468,1013.9,21.9,1.12,420.53,gondite_archean,0.522
Karnataka,17.2501,75.4854,150.6,5.5,2.6,0.53,-0.148,30.9,0.774,735.0,41.7,2.96,575.54,archean,0.445
Maharashtra,19.0403,79.2453,381.4,19.5,0.4,0.624,-0.169,32.8,0.593,1051.5,59.0,3.51,235.15,gondite_archean,0.651
Andhra Pradesh,17.9421,83.6424,696.3,13.9,1.05,0.426,0.191,36.9,0.712,622.5,35.9,13.89,551.14,kodurite_archean,0.273
Andhra Pradesh,18.1227,82.6787,450.2,8.8,1.02,0.613,-0.255,35.2,0.699,222.8,10.3,0.75,464.09,kodurite_archean,0.26
Jharkhand,23.6145,85.9193,278.9,32.7,1.16,0.247,0.038,37.1,0.541,466.9,27.0,41.72,622.26,archean,0.391
Maharashtra,19.1852,80.4857,426.3,10.8,1.76,0.333,-0.248,22.0,0.707,743.3,13.3,1.39,237.31,gondite_archean,0.43
Odisha,20.3556,86.2749,824.6,34.2,0.85,0.679,-0.103,23.8,0.6,963.0,32.1,2.71,652.4,gondite_archean,0.473
Maharashtra,20.1335,80.4786,143.8,13.1,1.55,0.452,-0.11,33.7,0.609,851.0,70.3,2.89,143.93,gondite_archean,0.575
Karnataka,14.0599,76.3695,328.5,33.7,1.08,0.209,0.016,22.9,0.492,594.5,-31.8,12.86,839.37,archean,0.256
Maharashtra,20.0658,79.1674,353.2,27.3,0.35,0.158,0.177,29.6,0.517,679.1,34.5,5.88,120.83,gondite_archean,0.582
Jharkhand,23.9315,85.4305,748.9,7.7,0.8,0.556,-0.057,36.9,0.523,483.1,18.8,7.72,587.78,archean,0.324
Odisha,22.4041,86.7016,233.6,5.1,0.44,0.696,-0.184,28.7,0.821,555.1,65.7,2.57,675.18,gondite_archean,0.478
Goa,15.5071,73.836,827.2,33.6,0.42,0.469,-0.118,28.3,0.477,169.2,9.7,0.69,837.21,laterite,0.235
Madhya Pradesh,22.1908,80.8474,447.7,7.6,0.74,0.611,-0.141,34.3,0.484,570.8,55.5,21.47,81.38,gondite_archean,0.511
Odisha,20.5747,84.0229,508.0,16.7,2.72,0.708,-0.07,29.9,0.385,695.7,5.5,0.43,421.06,gondite_archean,0.52
Odisha,21.9057,86.4802,486.5,15.1,2.94,0.27,-0.171,26.7,0.51,554.8,43.8,4.25,650.27,gondite_archean,0.508
Goa,15.0388,73.9051,552.7,21.9,0.31,0.392,0.089,33.2,0.271,637.2,5.7,1.1,872.75,laterite,0.158
Goa,15.3801,73.9586,713.0,17.9,1.07,0.637,0.22,32.8,0.45,302.6,-3.7,2.08,839.56,laterite,0.239
Goa,15.0161,74.1764,479.0,16.2,0.22,0.642,-0.084,30.7,0.582,627.2,10.6,4.08,857.09,laterite,0.308
Jharkhand,23.2842,85.5963,201.2,29.6,1.21,0.546,-0.018,25.2,0.445,689.0,59.0,4.58,580.17,archean,0.305
Maharashtra,21.0698,80.0425,131.1,7.6,1.7,0.711,0.201,35.5,0.484,428.4,7.9,0.25,42.21,gondite_archean,0.501
Goa,15.1926,73.92,166.7,32.6,1.82,0.55,0.247,27.5,0.39,442.1,20.6,11.65,858.37,laterite,0.197
Karnataka,14.4493,76.6342,100.2,9.2,0.78,0.3,0.184,26.5,0.522,382.1,19.2,0.65,789.08,archean,0.392
Karnataka,16.8597,76.7028,753.4,33.6,2.42,0.512,-0.004,22.6,0.517,683.7,39.8,2.68,539.01,archean,0.373
Madhya Pradesh,23.0537,77.5658,768.9,10.0,1.46,0.473,0.098,34.5,0.757,543.7,74.7,0.16,263.56,gondite_archean,0.506
Odisha,20.9612,86.5739,521.8,32.6,1.55,0.444,-0.228,34.8,0.608,729.6,88.9,12.06,668.52,gondite_archean,0.558
Odisha,21.3029,83.62,498.1,6.3,0.71,0.369,-0.041,32.0,0.561,619.4,45.8,8.12,360.03,gondite_archean,0.406
Madhya Pradesh,23.584,76.6849,712.1,15.7,1.56,0.539,-0.289,32.5,0.378,969.6,44.0,1.09,366.61,gondite_archean,0.55
Karnataka,15.8511,77.8423,134.9,9.0,2.69,0.155,-0.179,37.3,0.347,797.4,41.0,4.3,603.7,archean,0.363
Maharashtra,21.2957,79.3161,253.0,18.6,2.74,0.633,-0.261,33.1,0.663,810.2,40.8,16.93,28.49,gondite_archean,0.517
Karnataka,15.133,74.7818,322.5,12.0,2.85,0.32,-0.023,32.7,0.514,410.0,44.1,7.87,809.09,archean,0.403
Maharashtra,19.3157,80.3916,206.1,27.3,0.94,0.71,0.132,34.1,0.524,487.6,71.7,0.88,220.22,gondite_archean,0.573
Jharkhand,23.7804,85.5407,758.2,18.6,1.49,0.339,0.049,33.7,0.733,415.6,55.6,0.43,591.96,archean,0.489
Andhra Pradesh,18.1874,83.0248,293.4,17.4,2.68,0.377,0.15,23.5,0.5,507.6,-0.8,5.57,484.57,kodurite_archean,0.304
Odisha,20.7287,86.2303,717.0,8.8,2.78,0.506,-0.072,30.0,0.702,1194.0,70.5,1.55,638.12,gondite_archean,0.39
Andhra Pradesh,18.3126,82.7622,712.9,32.7,2.85,0.371,-0.219,30.3,0.401,362.4,-26.1,12.66,454.98,kodurite_archean,0.146
Karnataka,13.11,75.5688,507.3,6.0,1.91,0.489,0.129,37.0,0.455,584.7,44.5,28.62,968.99,archean,0.362
Andhra Pradesh,17.665,84.3949,438.7,1.3,1.44,0.178,0.026,27.4,0.752,399.6,26.1,4.55,631.96,kodurite_archean,0.342
Andhra Pradesh,18.8584,82.7395,525.5,10.7,0.33,0.551,0.218,24.6,0.513,574.0,11.4,18.74,412.6,kodurite_archean,0.308
Karnataka,15.5902,74.702,135.1,25.5,1.44,0.304,-0.186,32.7,0.482,179.0,-5.4,26.58,772.26,archean,0.216
Madhya Pradesh,21.082,77.4414,800.0,11.2,0.46,0.605,0.064,31.1,0.411,884.5,115.6,2.67,171.17,gondite_archean,0.617
Goa,15.674,74.1612,162.4,4.6,1.58,0.246,0.287,24.5,0.168,378.1,-13.0,4.5,800.55,laterite,0.167
Odisha,22.1633,83.642,831.0,29.3,1.03,0.624,-0.281,37.5,0.331,831.5,23.7,36.34,359.25,gondite_archean,0.433
Odisha,21.4647,85.0496,859.1,9.4,1.69,0.439,0.122,23.1,0.491,656.7,18.8,6.82,504.69,gondite_archean,0.495
Odisha,22.0849,86.7976,514.8,13.0,0.86,0.18,-0.139,32.5,0.641,790.3,78.4,5.38,683.22,gondite_archean,0.474
Karnataka,13.7405,76.3198,476.6,25.0,2.83,0.348,-0.275,29.9,0.369,693.7,38.3,4.84,874.64,archean,0.432
Madhya Pradesh,23.9736,77.8411,398.6,17.8,1.82,0.263,0.241,32.8,0.466,832.0,14.8,0.66,339.14,gondite_archean,0.476
Madhya Pradesh,22.4097,78.7105,171.4,15.7,0.69,0.742,0.037,33.0,0.482,724.1,84.9,0.2,145.46,gondite_archean,0.525
Andhra Pradesh,18.3049,83.0564,149.3,6.5,2.71,0.562,-0.15,23.0,0.551,864.1,-26.2,1.96,478.09,kodurite_archean,0.257
Maharashtra,21.4267,78.8514,577.7,15.4,1.45,0.302,0.195,29.8,0.336,863.1,16.1,9.37,39.46,gondite_archean,0.528
Karnataka,14.7025,76.3767,394.2,4.4,1.07,0.548,0.099,26.6,0.355,624.2,24.8,2.07,772.18,archean,0.405
Odisha,19.8822,85.7374,160.1,5.6,2.01,0.354,0.125,30.9,0.654,526.4,40.8,4.6,615.57,gondite_archean,0.421
Odisha,21.312,86.5497,899.1,21.7,1.33,0.285,-0.146,29.7,0.646,734.3,3.6,3.87,660.92,gondite_archean,0.371
Andhra Pradesh,18.4762,83.7283,367.3,28.8,0.31,0.672,0.008,28.4,0.721,502.9,-32.9,1.19,521.22,kodurite_archean,0.285
Karnataka,15.2261,76.1146,642.9,15.3,2.89,0.51,0.184,23.7,0.322,452.0,56.0,0.65,729.78,archean,0.413
Odisha,22.051,84.245,635.0,19.5,2.53,0.225,-0.222,30.9,0.546,901.5,63.3,21.33,420.23,gondite_archean,0.398
Andhra Pradesh,18.9932,82.5451,190.3,21.7,2.5,0.321,-0.156,34.6,0.451,402.8,89.1,10.43,387.28,kodurite_archean,0.342
Karnataka,15.9824,76.8415,538.1,22.8,0.93,0.201,-0.228,25.6,0.669,660.1,53.1,3.46,621.53,archean,0.466
Karnataka,14.5589,75.2675,149.0,21.1,2.97,0.25,-0.272,34.5,0.604,554.5,35.2,4.21,837.0,archean,0.4
Maharashtra,20.1621,79.7612,459.7,7.4,1.62,0.467,0.186,33.8,0.468,845.2,38.5,17.96,112.66,gondite_archean,0.611
Goa,15.0441,74.2103,130.2,13.5,1.72,0.239,0.148,22.1,0.475,179.7,20.9,9.78,852.42,laterite,0.192
Maharashtra,19.9859,78.5026,196.1,19.2,2.09,0.4,0.138,30.3,0.62,930.7,61.9,1.56,143.17,gondite_archean,0.487
Madhya Pradesh,24.1641,76.5614,636.2,7.4,1.95,0.352,-0.173,27.0,0.388,664.1,-9.3,10.91,423.82,gondite_archean,0.382
Jharkhand,22.8761,86.7221,552.7,6.3,2.13,0.458,0.09,36.2,0.629,633.1,26.9,7.4,683.34,archean,0.512
Karnataka,18.3934,77.1694,135.1,12.1,1.95,0.184,-0.286,29.2,0.436,278.9,10.7,9.35,366.52,archean,0.278
Karnataka,13.301,75.7784,573.4,3.5,0.61,0.194,0.187,34.0,0.619,853.8,21.8,8.22,940.84,archean,0.524
Odisha,21.3644,86.2226,500.3,13.2,0.98,0.536,0.116,35.9,0.702,641.6,63.3,6.0,626.63,gondite_archean,0.547
Karnataka,15.7562,77.4973,871.8,3.5,0.35,0.713,0.018,31.8,0.411,652.1,47.8,2.99,622.83,archean,0.489
Karnataka,17.446,74.7894,804.9,9.7,1.86,0.712,0.107,28.6,0.391,920.5,47.3,3.51,610.93,archean,0.54
Odisha,19.5932,85.4396,709.6,19.3,2.55,0.17,-0.08,25.8,0.468,761.1,35.0,33.88,599.55,gondite_archean,0.468
Madhya Pradesh,24.2579,74.0428,698.6,31.7,0.59,0.208,-0.045,36.9,0.758,1288.3,56.1,1.87,622.38,gondite_archean,0.588
Maharashtra,19.1967,79.7075,231.1,26.0,1.04,0.428,0.06,24.7,0.456,992.8,14.6,9.32,219.5,gondite_archean,0.512
Odisha,20.7761,84.3652,698.7,9.9,2.67,0.685,-0.182,31.8,0.536,625.5,62.2,7.84,448.3,gondite_archean,0.604
Odisha,20.6341,83.8603,675.2,18.1,2.18,0.299,-0.105,27.3,0.563,784.3,-32.4,0.25,402.9,gondite_archean,0.526
Andhra Pradesh,17.5195,84.3895,491.4,12.6,2.79,0.165,0.049,30.8,0.426,223.4,49.1,0.01,641.79,kodurite_archean,0.313
Goa,15.1316,73.9168,310.8,2.3,0.54,0.742,-0.111,23.8,0.478,306.8,-1.4,0.17,863.88,laterite,0.27
Odisha,19.6695,83.8619,445.2,8.8,1.64,0.302,0.264,36.5,0.327,958.0,5.5,10.4,450.21,gondite_archean,0.332
Karnataka,17.5687,78.2764,368.8,20.1,0.47,0.27,-0.052,25.3,0.789,472.2,5.5,16.27,407.26,archean,0.456
Madhya Pradesh,22.5383,74.5379,471.8,28.9,1.92,0.649,-0.004,23.9,0.678,913.9,37.4,4.37,494.5,gondite_archean,0.436
Karnataka,13.5038,75.0455,257.4,2.9,0.75,0.156,0.076,27.1,0.368,385.9,31.0,6.28,952.28,archean,0.39
Madhya Pradesh,22.3547,79.1778,135.8,2.8,1.48,0.48,0.233,23.7,0.5,892.1,-1.7,4.09,120.29,gondite_archean,0.434
Odisha,21.0107,86.3057,453.2,17.7,2.58,0.574,-0.006,26.1,0.583,972.9,20.3,13.0,640.16,gondite_archean,0.456
Odisha,22.4763,83.9562,736.9,14.4,1.58,0.678,-0.052,30.6,0.655,556.2,82.6,9.96,396.13,gondite_archean,0.489
Odisha,19.7388,86.7914,308.5,30.0,2.62,0.614,-0.199,35.1,0.621,1061.3,7.8,1.04,724.49,gondite_archean,0.478
Karnataka,15.8042,75.9374,480.3,13.4,1.99,0.691,-0.202,28.1,0.561,462.3,35.4,2.62,681.01,archean,0.433
Jharkhand,22.1265,86.206,145.7,31.4,1.68,0.552,0.199,24.4,0.427,582.7,88.6,0.25,622.45,archean,0.417
Odisha,19.5984,84.9712,816.1,34.4,1.98,0.247,0.244,30.3,0.657,960.1,15.4,1.9,555.19,gondite_archean,0.531
Maharashtra,19.5493,79.3773,725.6,27.7,1.47,0.625,0.203,32.5,0.47,598.8,20.3,2.55,180.49,gondite_archean,0.463
Odisha,20.866,86.6795,183.6,25.5,2.12,0.207,0.254,31.1,0.716,641.7,59.9,0.32,681.1,gondite_archean,0.446
Andhra Pradesh,18.1723,83.7734,277.0,24.0,2.36,0.434,0.071,29.3,0.469,705.1,26.9,4.23,545.38,kodurite_archean,0.342
Odisha,20.7182,86.3918,282.1,18.8,2.46,0.362,0.085,25.9,0.581,732.8,31.4,15.45,654.8,gondite_archean,0.442
Karnataka,18.3248,78.4189,314.6,2.4,2.17,0.421,-0.24,33.3,0.637,784.8,-12.6,2.14,321.9,archean,0.344
Karnataka,15.5869,77.0271,305.7,33.3,0.68,0.729,-0.291,29.7,0.448,267.2,-14.5,4.29,655.74,archean,0.472
Maharashtra,20.7147,80.1665,300.0,21.7,1.84,0.372,-0.008,27.0,0.516,688.0,46.3,8.65,73.76,gondite_archean,0.474
Jharkhand,23.4594,85.1041,807.4,30.3,1.44,0.502,0.286,30.5,0.489,392.6,60.2,35.56,537.96,archean,0.394
Karnataka,12.3082,77.7047,583.5,7.8,1.59,0.595,0.162,30.0,0.404,1005.5,53.1,2.22,994.14,archean,0.413
Odisha,21.0895,84.515,603.1,5.0,2.03,0.32,-0.3,24.0,0.649,638.8,47.4,3.74,455.54,gondite_archean,0.502
Maharashtra,19.1588,79.2925,871.1,19.3,1.01,0.222,0.122,32.3,0.619,752.4,32.6,2.33,222.41,gondite_archean,0.519
Madhya Pradesh,23.8833,74.8252,854.4,28.0,0.71,0.577,-0.069,28.4,0.534,576.7,-19.8,3.61,533.12,gondite_archean,0.434
Odisha,21.5566,85.0268,255.8,28.7,2.45,0.442,-0.121,32.2,0.443,623.6,27.4,22.01,501.53,gondite_archean,0.404
Madhya Pradesh,22.2769,80.9871,416.0,12.4,0.78,0.377,-0.11,32.8,0.634,443.6,54.8,3.79,98.65,gondite_archean,0.503
Maharashtra,19.6377,78.7541,146.8,11.4,0.64,0.254,0.156,22.3,0.311,978.7,109.9,3.01,171.76,gondite_archean,0.574
Odisha,21.7002,86.5495,254.1,4.3,2.71,0.36,0.031,27.8,0.589,580.8,2.6,4.81,657.88,gondite_archean,0.449
Maharashtra,20.4761,78.6938,538.4,24.9,2.42,0.527,-0.208,33.4,0.351,595.7,10.8,7.15,85.51,gondite_archean,0.503
Goa,15.6382,74.2607,882.8,1.4,1.94,0.398,0.216,26.0,0.446,461.7,23.8,0.18,796.86,laterite,0.191
Andhra Pradesh,17.5209,83.8142,392.1,21.8,2.15,0.355,-0.235,23.1,0.541,1018.1,18.5,4.39,596.17,kodurite_archean,0.44
Karnataka,12.1719,75.8422,880.8,30.7,1.12,0.503,0.208,29.1,0.58,662.2,17.6,1.68,1056.42,archean,0.424
Maharashtra,21.1036,79.7354,615.5,2.0,2.52,0.623,-0.145,33.3,0.497,681.6,15.8,5.68,11.53,gondite_archean,0.44
Karnataka,13.7594,74.6167,584.1,14.5,1.04,0.67,0.148,35.7,0.388,657.0,4.3,4.66,948.73,archean,0.427
Odisha,21.9759,83.9408,822.5,30.4,1.5,0.597,0.072,34.8,0.73,712.3,55.8,5.33,388.52,gondite_archean,0.545
Karnataka,17.103,77.7863,543.6,7.1,1.51,0.731,0.152,35.0,0.516,557.8,54.9,0.4,470.38,archean,0.483
Andhra Pradesh,18.3226,82.8946,353.8,10.6,1.69,0.181,-0.205,35.0,0.426,409.4,43.0,11.54,464.24,kodurite_archean,0.09
Karnataka,17.1341,76.9734,190.5,6.3,1.42,0.388,0.146,31.3,0.383,582.4,38.8,4.41,498.81,archean,0.299
Karnataka,13.1094,77.1516,782.0,9.8,1.58,0.735,-0.1,31.5,0.545,502.0,51.8,9.74,917.44,archean,0.48
Madhya Pradesh,22.5747,80.867,865.5,18.0,2.81,0.5,0.023,29.3,0.567,455.5,15.6,31.56,111.46,gondite_archean,0.312
Karnataka,14.9392,75.0341,138.4,27.4,1.8,0.606,-0.21,31.1,0.421,510.6,11.1,34.07,812.76,archean,0.32
Karnataka,12.8471,75.2963,570.2,3.2,2.61,0.727,-0.152,29.2,0.524,636.6,-10.7,1.85,1007.34,archean,0.371
Madhya Pradesh,22.4568,75.4373,651.3,20.2,2.6,0.22,0.171,32.8,0.602,643.0,54.7,1.22,404.12,gondite_archean,0.487
Madhya Pradesh,22.3369,81.6545,364.0,33.7,2.72,0.312,0.182,37.9,0.511,462.3,-8.4,0.12,163.25,gondite_archean,0.44
Odisha,20.3458,85.0526,236.9,30.7,2.17,0.201,0.09,32.5,0.577,763.1,42.3,11.61,530.77,gondite_archean,0.492
Odisha,21.0416,84.3105,245.0,28.6,0.58,0.431,0.263,25.0,0.41,822.2,20.2,2.96,435.79,gondite_archean,0.365
Odisha,22.4167,84.0368,686.7,1.0,1.87,0.7,-0.127,25.0,0.717,967.2,10.4,2.32,403.18,gondite_archean,0.611
Jharkhand,23.8466,85.9146,777.0,16.4,1.39,0.244,-0.044,30.6,0.514,581.3,45.9,8.07,630.18,archean,0.454
Goa,15.0144,74.0785,729.9,19.4,1.11,0.232,0.233,29.5,0.467,616.7,35.5,8.61,863.54,laterite,0.271
Karnataka,15.3386,77.7122,398.9,14.2,0.47,0.699,-0.245,32.4,0.314,344.1,17.1,7.21,662.36,archean,0.372
Maharashtra,21.0705,78.8411,817.9,23.3,2.67,0.441,0.025,36.7,0.546,963.9,20.6,3.93,27.29,gondite_archean,0.468
Odisha,20.3057,86.5137,155.9,24.0,0.68,0.357,-0.263,26.3,0.61,837.5,33.5,5.08,677.87,gondite_archean,0.409
Andhra Pradesh,18.6442,83.5262,636.6,29.8,0.23,0.392,0.244,33.8,0.675,1004.7,24.1,8.52,493.02,kodurite_archean,0.228
Karnataka,16.642,77.9449,223.7,16.4,1.34,0.562,-0.15,32.2,0.494,858.6,22.6,24.03,515.53,archean,0.382
Jharkhand,22.1954,85.03,228.9,34.9,0.7,0.452,0.209,22.3,0.337,802.8,18.2,9.29,501.94,archean,0.425
Maharashtra,19.5537,78.5696,427.4,10.8,2.47,0.63,-0.026,31.7,0.7,854.5,-2.6,2.46,185.6,gondite_archean,0.484
Madhya Pradesh,22.572,77.521,172.9,25.4,0.8,0.268,-0.052,25.6,0.342,1017.5,80.7,1.82,226.32,gondite_archean,0.393
Odisha,22.1413,85.018,429.7,2.2,1.59,0.483,0.035,33.3,0.494,635.9,38.2,1.93,500.31,gondite_archean,0.419
Odisha,20.4765,84.0029,667.9,19.1,0.6,0.156,0.185,24.8,0.365,992.1,-4.6,0.73,422.9,gondite_archean,0.486
Odisha,20.0642,84.9981,626.6,10.0,0.23,0.461,0.063,37.4,0.465,1272.2,56.9,14.1,536.28,gondite_archean,0.556
Karnataka,13.5422,75.5505,503.5,26.3,1.61,0.191,0.134,34.9,0.637,410.1,52.5,14.93,925.47,archean,0.37
Madhya Pradesh,23.4203,81.0668,496.6,11.7,2.31,0.282,-0.067,35.9,0.48,1091.3,23.3,2.67,201.85,gondite_archean,0.43
Odisha,21.73,84.3822,463.3,14.1,2.95,0.385,-0.252,23.4,0.763,1089.0,-1.6,0.44,434.01,gondite_archean,0.404
Karnataka,15.2808,75.0982,183.1,5.2,0.48,0.516,-0.182,26.0,0.471,768.3,1.9,5.42,776.84,archean,0.352
Odisha,21.5141,85.3311,818.9,6.6,2.45,0.625,-0.224,28.4,0.497,637.9,48.2,4.24,533.26,gondite_archean,0.41
Goa,15.1011,74.2868,284.5,27.3,1.15,0.236,0.215,26.9,0.536,801.0,-2.8,10.54,842.44,laterite,0.024
Odisha,21.5045,86.6353,146.2,5.8,2.21,0.412,-0.058,24.2,0.43,783.9,78.1,2.39,667.91,gondite_archean,0.518
Karnataka,18.4481,77.2466,773.1,15.1,2.35,0.174,-0.226,25.2,0.653,597.3,61.1,9.88,357.0,archean,0.338
Madhya Pradesh,22.2503,78.6164,373.8,3.9,2.98,0.226,-0.257,36.1,0.681,513.7,12.9,2.43,131.77,gondite_archean,0.365
Karnataka,14.6696,77.3817,509.2,33.1,0.32,0.452,0.051,36.7,0.532,541.3,18.1,16.72,742.89,archean,0.406
Odisha,21.6974,86.7659,625.8,15.9,0.33,0.702,-0.018,22.5,0.538,1170.9,31.1,0.53,680.23,gondite_archean,0.539
Madhya Pradesh,23.1771,78.0459,753.7,30.3,1.92,0.158,0.117,28.7,0.793,950.5,54.7,1.15,249.73,gondite_archean,0.529
Maharashtra,19.0109,80.3493,190.0,4.2,1.13,0.374,-0.171,31.4,0.5,767.8,63.3,9.36,250.94,gondite_archean,0.475
Maharashtra,20.7453,79.1219,179.7,10.3,2.53,0.738,-0.004,22.2,0.51,612.1,19.6,22.97,45.12,gondite_archean,0.521
Karnataka,17.9318,77.6221,704.3,21.6,1.95,0.533,0.077,30.9,0.573,725.1,84.9,14.14,389.5,archean,0.309
Karnataka,15.7105,76.6083,130.6,21.9,2.52,0.245,0.057,31.5,0.513,710.6,13.5,8.81,659.02,archean,0.339
Madhya Pradesh,23.2524,74.704,814.8,14.2,1.08,0.427,-0.066,35.8,0.536,867.1,47.2,21.37,508.42,gondite_archean,0.522
Odisha,21.2309,84.4609,759.3,1.2,1.78,0.354,-0.106,32.3,0.599,991.4,27.2,5.86,447.33,gondite_archean,0.547
Karnataka,12.0757,76.7272,629.2,21.1,2.26,0.493,-0.26,23.9,0.334,793.2,25.5,6.47,1039.87,archean,0.349
Karnataka,16.6828,77.0751,366.3,26.7,2.02,0.532,0.032,22.2,0.408,956.2,-9.0,1.82,540.03,archean,0.438
Karnataka,15.0977,75.6843,511.9,6.6,2.94,0.215,0.259,36.6,0.732,699.9,78.7,3.33,763.08,archean,0.405
Karnataka,15.7585,76.4925,563.6,10.7,1.23,0.2,-0.269,26.1,0.369,835.8,27.7,2.92,659.09,archean,0.447
Karnataka,14.4827,76.7572,191.6,34.9,1.39,0.359,0.126,27.8,0.499,909.5,14.6,14.97,781.36,archean,0.412
Maharashtra,19.5293,78.7906,353.0,34.2,0.92,0.424,-0.282,28.4,0.63,798.3,71.8,6.34,182.9,gondite_archean,0.554
Odisha,20.445,85.5144,860.5,30.2,0.84,0.282,-0.179,36.8,0.609,885.5,40.9,4.99,573.41,gondite_archean,0.356
Odisha,21.0151,83.6067,205.4,31.1,2.3,0.404,0.01,27.9,0.659,920.3,58.1,1.83,365.32,gondite_archean,0.604
Karnataka,15.054,75.8232,704.0,12.2,0.59,0.389,0.288,25.6,0.377,1057.8,28.2,9.69,760.62,archean,0.369
Karnataka,17.6687,75.6557,169.0,32.8,1.26,0.496,0.175,27.2,0.436,742.9,9.8,13.34,528.69,archean,0.353
Odisha,21.6522,86.8015,522.2,19.4,1.49,0.346,-0.015,31.6,0.811,694.7,32.6,26.11,684.12,gondite_archean,0.533
Karnataka,15.907,77.3392,860.5,9.3,2.29,0.462,-0.139,34.4,0.758,788.5,23.5,7.69,611.49,archean,0.319
Karnataka,13.2894,78.3466,509.2,26.0,1.35,0.363,-0.056,28.5,0.763,1072.0,0.8,5.48,877.61,archean,0.438
Odisha,19.8784,86.7643,584.0,23.4,1.33,0.695,0.083,34.3,0.608,756.9,46.4,1.51,716.74,gondite_archean,0.56
Odisha,20.3569,84.4482,784.3,2.1,0.41,0.314,-0.18,25.7,0.595,1055.5,38.1,4.19,470.99,gondite_archean,0.517
Odisha,21.5284,85.9573,676.7,25.8,0.2,0.722,0.189,36.5,0.612,860.2,44.5,25.73,597.76,gondite_archean,0.499
Maharashtra,20.4264,80.3913,454.3,21.4,1.53,0.71,-0.254,30.0,0.682,910.6,59.2,22.78,113.02,gondite_archean,0.584
Odisha,20.7071,83.5821,363.5,19.3,2.75,0.658,-0.224,23.5,0.665,1265.2,50.4,20.98,372.91,gondite_archean,0.56
Karnataka,17.787,76.0358,689.5,17.2,0.54,0.707,-0.028,33.8,0.51,655.5,28.6,9.37,492.26,archean,0.368
Karnataka,16.5207,77.2945,663.1,17.7,2.76,0.444,-0.03,25.2,0.501,646.9,-4.3,2.9,548.32,archean,0.418
Maharashtra,19.8181,78.9844,235.2,27.3,0.56,0.422,0.004,33.0,0.698,878.6,37.4,2.63,148.51,gondite_archean,0.535
Odisha,20.3675,84.5842,517.5,23.6,1.27,0.582,-0.098,26.6,0.509,787.3,34.6,22.91,483.87,gondite_archean,0.438
Maharashtra,19.2203,80.1926,685.8,21.8,2.5,0.392,-0.167,30.2,0.774,1234.5,53.9,18.6,224.07,gondite_archean,0.576
Andhra Pradesh,18.7021,84.3869,178.8,10.0,1.59,0.658,0.003,34.0,0.421,389.7,-1.8,3.46,557.84,kodurite_archean,0.304
Odisha,20.5496,85.9791,394.3,19.9,0.48,0.633,-0.078,32.4,0.455,916.1,45.2,4.48,617.11,gondite_archean,0.583
Odisha,22.3269,86.1427,266.4,12.5,2.47,0.567,0.159,29.1,0.466,1079.7,52.5,29.84,617.22,gondite_archean,0.442
Karnataka,14.9963,77.196,533.2,29.7,2.33,0.185,0.299,34.0,0.565,840.2,49.9,1.8,712.91,archean,0.407
Odisha,21.8644,86.4242,230.1,30.0,2.12,0.462,0.198,28.7,0.486,603.7,120.3,13.1,644.52,gondite_archean,0.581
Maharashtra,20.4534,80.0616,253.4,2.7,2.65,0.195,-0.152,33.1,0.678,732.6,55.2,3.77,90.44,gondite_archean,0.428
Madhya Pradesh,24.0681,81.2999,312.8,16.7,1.74,0.719,0.299,25.8,0.468,1066.9,16.0,0.18,277.05,gondite_archean,0.351
Maharashtra,19.735,79.6198,340.7,6.7,1.34,0.289,0.021,25.2,0.413,786.0,67.5,0.94,159.59,gondite_archean,0.561
Karnataka,12.4607,76.8927,311.5,18.9,1.65,0.705,0.029,31.3,0.588,635.2,10.6,14.87,994.05,archean,0.463
Karnataka,17.3863,77.7916,251.1,24.8,1.01,0.328,-0.122,33.6,0.421,767.5,22.5,3.82,440.12,archean,0.365
Karnataka,12.2897,78.3823,672.9,12.0,1.09,0.419,0.076,24.3,0.561,601.1,11.6,16.4,988.09,archean,0.286
Maharashtra,19.8543,79.8674,115.7,26.0,1.56,0.638,0.273,36.8,0.563,958.7,24.9,9.37,148.04,gondite_archean,0.403
Goa,15.1656,74.2591,752.1,34.3,2.66,0.318,-0.236,23.8,0.539,117.6,10.2,0.35,838.46,laterite,0.051
Karnataka,13.1647,77.0883,471.4,17.8,1.4,0.724,-0.171,30.3,0.568,990.5,24.2,4.98,912.99,archean,0.507
Odisha,21.327,84.5087,228.2,19.5,1.69,0.196,0.119,32.0,0.544,507.1,44.4,4.03,450.71,gondite_archean,0.562
Karnataka,15.9676,78.2564,637.4,3.5,1.49,0.684,-0.243,37.8,0.498,777.8,22.0,4.65,582.92,archean,0.501
Madhya Pradesh,23.7107,74.2703,574.5,7.3,1.17,0.359,-0.019,27.3,0.556,676.5,73.2,14.02,571.31,gondite_archean,0.585
Odisha,21.0143,85.9398,569.5,29.3,0.4,0.564,0.02,28.1,0.698,474.9,38.2,13.93,602.6,gondite_archean,0.548
Karnataka,12.6656,74.746,141.1,13.9,1.14,0.581,0.146,22.8,0.433,480.9,0.2,1.15,1050.3,archean,0.376
Goa,15.6434,73.8903,425.3,13.1,2.41,0.456,-0.223,33.8,0.261,290.4,8.5,3.36,821.94,laterite,0.039
Odisha,20.6955,83.5671,718.0,6.8,0.32,0.542,0.164,35.0,0.386,773.6,60.7,2.26,371.88,gondite_archean,0.58
Goa,15.0835,74.2913,788.2,24.4,2.83,0.583,-0.186,29.1,0.419,284.6,-7.2,3.21,843.74,laterite,0.289
Madhya Pradesh,24.0527,74.3807,408.4,6.4,2.15,0.213,0.099,26.6,0.555,711.9,38.0,5.56,581.2,gondite_archean,0.445
Karnataka,12.8591,76.0056,637.8,27.6,1.69,0.504,-0.18,26.6,0.461,526.7,31.5,6.62,978.39,archean,0.299
Goa,15.1565,74.1208,753.8,20.0,0.91,0.308,-0.276,26.9,0.525,226.2,3.8,9.58,848.22,laterite,0.267
Karnataka,13.0394,76.0926,564.0,33.2,0.39,0.454,-0.103,30.1,0.546,919.4,-15.3,2.83,956.35,archean,0.385
Karnataka,17.4312,78.3689,450.9,14.4,2.57,0.406,0.031,25.7,0.546,994.4,43.1,1.94,420.38,archean,0.494
Maharashtra,21.0001,79.1922,238.1,1.1,1.46,0.361,0.033,25.0,0.509,905.2,35.7,5.53,19.75,gondite_archean,0.466
Odisha,20.3156,84.094,674.8,27.2,1.49,0.578,0.142,24.2,0.493,674.4,33.3,12.22,438.38,gondite_archean,0.582
Maharashtra,20.5115,79.8727,114.7,11.6,1.99,0.156,-0.28,35.6,0.424,957.5,63.8,2.93,76.79,gondite_archean,0.572
Odisha,22.2983,84.7081,185.2,17.7,2.35,0.283,-0.138,25.9,0.65,806.8,52.8,11.45,469.94,gondite_archean,0.432
Jharkhand,22.3608,86.5321,371.0,7.0,1.38,0.626,-0.021,30.6,0.334,924.8,68.2,22.23,657.43,archean,0.394
Madhya Pradesh,23.6894,74.7137,268.9,18.1,0.26,0.302,0.01,22.2,0.572,433.9,57.2,8.29,531.06,gondite_archean,0.477
Karnataka,18.0473,77.6395,260.0,5.4,2.09,0.486,0.174,33.8,0.4,677.4,15.5,12.02,376.97,archean,0.418
Jharkhand,23.3936,86.1921,468.3,13.4,1.19,0.532,0.151,32.9,0.517,375.7,25.8,6.15,642.05,archean,0.468
Maharashtra,20.6532,79.3187,816.3,6.5,2.99,0.221,-0.291,36.2,0.659,597.7,47.0,38.23,60.14,gondite_archean,0.496
Odisha,21.6307,83.9039,425.4,29.8,1.23,0.505,0.002,32.3,0.689,823.7,17.8,6.58,385.14,gondite_archean,0.504
Karnataka,13.0071,77.8961,517.3,32.7,2.46,0.566,-0.297,28.8,0.454,492.9,-14.3,1.88,914.28,archean,0.375
Madhya Pradesh,21.3113,74.4653,397.8,25.5,1.75,0.404,0.039,27.8,0.647,843.9,25.3,2.81,479.66,gondite_archean,0.535
Maharashtra,19.2107,80.1237,675.1,25.8,0.48,0.581,0.108,35.3,0.438,706.5,58.9,3.97,223.41,gondite_archean,0.527
Andhra Pradesh,17.5004,82.837,124.3,12.2,2.74,0.208,0.064,29.2,0.268,410.0,23.8,7.62,527.51,kodurite_archean,0.29
Madhya Pradesh,21.3215,77.5601,899.6,29.4,2.7,0.644,-0.238,25.6,0.552,583.5,58.0,11.07,159.7,gondite_archean,0.546
Goa,15.0431,73.8061,629.1,10.8,0.91,0.349,-0.138,30.2,0.511,50.0,-16.1,2.32,878.98,laterite,0.263
Odisha,20.5484,86.0963,705.4,23.7,0.86,0.503,0.042,29.7,0.501,1377.3,81.1,0.93,628.99,gondite_archean,0.639
Maharashtra,19.3397,78.6333,880.9,33.5,0.37,0.416,-0.188,29.8,0.39,1040.2,-1.9,19.25,206.86,gondite_archean,0.508
Andhra Pradesh,18.3373,83.1496,334.7,2.1,2.48,0.42,-0.105,29.5,0.447,541.9,13.5,1.96,483.01,kodurite_archean,0.318
Karnataka,14.1639,75.2046,585.8,17.2,2.62,0.169,0.086,34.2,0.574,720.0,36.4,3.24,879.0,archean,0.41
Karnataka,12.0915,74.5278,292.1,4.4,0.93,0.256,-0.283,36.5,0.556,813.5,36.3,3.38,1118.13,archean,0.46
Goa,15.2332,74.0814,179.8,32.3,0.59,0.285,0.035,34.2,0.28,538.9,32.3,4.22,844.07,laterite,0.208
Madhya Pradesh,22.67,77.581,720.2,18.9,1.09,0.305,-0.277,31.3,0.494,695.7,71.3,11.16,229.78,gondite_archean,0.568
Karnataka,17.8114,78.2454,745.9,22.6,1.05,0.74,-0.136,25.2,0.44,642.7,30.3,6.51,381.65,archean,0.443
Madhya Pradesh,22.7396,74.2565,589.8,25.3,1.37,0.604,-0.164,25.5,0.512,567.3,45.8,3.86,528.88,gondite_archean,0.518
Madhya Pradesh,23.5229,75.9297,234.5,34.1,1.93,0.739,-0.097,33.2,0.473,610.7,-11.9,1.47,418.62,gondite_archean,0.478
Odisha,19.6072,85.9655,493.7,4.2,0.68,0.212,0.068,23.5,0.615,721.1,29.3,13.77,649.21,gondite_archean,0.47
Karnataka,17.5041,76.903,645.5,34.8,0.85,0.524,-0.024,22.6,0.624,1045.6,16.7,5.07,465.82,archean,0.456
Goa,15.3181,74.1125,723.9,27.7,1.65,0.665,-0.065,36.2,0.344,230.6,-26.4,2.11,834.59,laterite,0.172
Goa,15.6671,74.0768,592.9,17.1,1.3,0.699,-0.225,28.7,0.437,50.0,41.0,1.21,806.94,laterite,0.068
Karnataka,13.5757,75.2373,151.9,26.9,1.4,0.526,0.137,32.9,0.239,536.9,65.9,5.46,936.05,archean,0.325
Andhra Pradesh,18.8121,82.8411,209.0,22.4,1.04,0.161,0.233,25.6,0.491,579.8,-1.2,2.13,424.16,kodurite_archean,0.291
Madhya Pradesh,21.6023,76.4435,357.2,6.4,0.77,0.623,-0.2,22.5,0.587,792.2,18.9,6.76,278.61,gondite_archean,0.484
Goa,15.6272,74.1113,352.0,19.4,0.46,0.557,0.135,37.4,0.657,499.9,-5.3,2.43,807.96,laterite,0.286
Karnataka,14.1489,77.942,479.0,28.2,1.83,0.614,-0.1,35.3,0.562,314.8,25.6,3.06,787.92,archean,0.303
Odisha,22.401,84.0603,729.9,34.5,0.26,0.569,-0.148,22.6,0.639,750.5,39.2,5.57,405.3,gondite_archean,0.511
Andhra Pradesh,17.626,83.8631,644.1,23.7,2.84,0.644,-0.275,29.5,0.276,336.3,-37.4,4.53,591.99,kodurite_archean,0.193
Jharkhand,22.1773,86.8445,484.2,22.2,2.52,0.366,-0.042,28.6,0.6,620.9,24.5,0.83,688.37,archean,0.348
Madhya Pradesh,21.5029,78.179,105.8,11.8,2.1,0.44,0.287,36.0,0.509,753.6,33.3,49.38,102.2,gondite_archean,0.477
Odisha,21.6726,86.6781,288.5,31.9,1.07,0.736,-0.131,37.3,0.572,737.2,-6.9,2.02,671.28,gondite_archean,0.651
Maharashtra,19.477,79.6057,302.6,33.5,0.28,0.27,-0.155,28.6,0.554,463.7,48.1,6.94,188.31,gondite_archean,0.508
Odisha,21.582,84.0824,729.1,9.5,1.37,0.36,0.215,24.0,0.427,820.7,52.3,4.56,403.92,gondite_archean,0.513
Karnataka,18.0282,76.584,490.1,20.7,2.13,0.214,0.193,29.0,0.423,610.2,50.7,17.5,435.19,archean,0.391
Jharkhand,23.7354,85.0043,404.2,28.8,1.23,0.511,0.064,27.8,0.521,844.2,31.3,5.44,539.37,archean,0.432
Odisha,21.0392,86.3491,721.5,27.8,2.18,0.303,0.217,36.3,0.522,728.1,90.8,6.31,644.12,gondite_archean,0.565
Odisha,21.7365,85.2687,618.2,18.1,1.58,0.253,-0.133,24.5,0.503,637.7,81.7,1.34,525.51,gondite_archean,0.595
Maharashtra,20.963,78.9746,330.9,32.9,2.51,0.569,-0.251,28.7,0.401,830.1,92.6,3.17,23.99,gondite_archean,0.549
Maharashtra,21.1011,79.1472,770.9,4.5,2.55,0.242,-0.25,32.3,0.667,767.7,3.7,5.56,8.05,gondite_archean,0.477
Karnataka,14.2388,77.275,707.6,30.0,2.92,0.31,0.13,28.3,0.487,1062.1,-12.1,3.7,792.14,archean,0.385
Odisha,21.072,85.2677,520.2,34.1,2.75,0.247,-0.079,28.8,0.7,670.6,103.5,15.34,532.75,gondite_archean,0.592
Andhra Pradesh,17.6983,83.9278,448.3,11.0,0.34,0.442,-0.087,26.0,0.594,659.6,21.1,3.11,591.73,kodurite_archean,0.356
Odisha,19.527,84.3241,210.2,21.8,0.67,0.467,0.054,26.8,0.683,653.8,0.4,5.75,499.74,gondite_archean,0.335
Maharashtra,19.6838,78.7432,544.8,12.1,1.44,0.538,-0.004,31.9,0.76,841.4,46.1,9.09,167.0,gondite_archean,0.664
Andhra Pradesh,18.1484,83.3255,711.4,20.8,0.4,0.685,-0.282,34.0,0.485,391.7,-29.2,0.76,510.85,kodurite_archean,0.241
Madhya Pradesh,22.6766,74.8364,590.0,26.1,2.35,0.693,-0.054,37.2,0.511,927.6,32.8,4.11,470.46,gondite_archean,0.46
Madhya Pradesh,23.0419,79.9999,507.9,4.6,2.6,0.336,0.283,23.9,0.655,872.3,57.1,7.14,139.32,gondite_archean,0.535
Madhya Pradesh,23.959,76.3744,383.4,31.8,2.72,0.736,0.241,24.0,0.519,1022.9,38.0,6.46,418.69,gondite_archean,0.564
Madhya Pradesh,22.1261,74.6002,816.5,28.3,0.59,0.616,0.076,28.5,0.633,696.3,49.3,7.52,476.56,gondite_archean,0.637
Odisha,20.9218,84.178,266.7,23.5,2.75,0.392,-0.175,32.4,0.605,891.7,41.1,11.15,425.36,gondite_archean,0.574
Odisha,20.5448,84.8634,509.0,32.6,2.65,0.231,-0.196,27.7,0.659,478.4,63.2,5.96,505.25,gondite_archean,0.513
Odisha,21.0741,85.4428,694.0,8.5,1.23,0.368,0.276,29.1,0.657,945.0,50.8,17.98,550.63,gondite_archean,0.422
Karnataka,18.1433,75.3578,159.3,31.3,2.57,0.746,0.108,37.0,0.56,722.5,-20.3,21.81,514.28,archean,0.466
Karnataka,15.5023,76.2845,551.9,17.0,0.33,0.679,-0.033,31.4,0.618,456.6,12.8,1.6,694.25,archean,0.372
Odisha,21.8154,86.5626,591.3,7.4,1.0,0.436,0.273,26.0,0.508,1112.1,28.4,0.59,658.88,gondite_archean,0.413
Maharashtra,19.6083,79.9508,154.7,33.5,0.74,0.68,0.186,37.5,0.771,745.7,9.8,4.68,176.47,gondite_archean,0.5
Odisha,22.4461,83.8369,571.4,22.3,1.71,0.547,-0.23,30.9,0.592,753.9,57.9,2.1,383.47,gondite_archean,0.47
Karnataka,17.7708,77.275,415.7,13.7,1.48,0.256,0.08,27.8,0.572,779.8,-10.9,1.89,421.17,archean,0.458
Maharashtra,20.216,78.9495,256.1,6.6,2.38,0.287,0.016,29.2,0.68,822.1,34.8,0.12,104.88,gondite_archean,0.594
Karnataka,15.9403,76.7311,621.1,6.2,2.01,0.26,0.15,27.4,0.508,669.3,69.6,2.06,630.37,archean,0.387
Maharashtra,20.5769,79.6751,382.8,17.4,1.87,0.433,0.119,28.9,0.487,653.8,57.9,1.81,66.0,gondite_archean,0.577
Jharkhand,23.0048,86.834,665.4,25.6,0.44,0.282,-0.295,33.5,0.658,535.3,54.6,1.12,696.97,archean,0.393
Odisha,20.5226,84.9297,379.0,27.0,0.47,0.361,0.202,23.1,0.529,678.8,70.4,7.25,512.57,gondite_archean,0.473
Madhya Pradesh,23.6513,74.9438,766.6,25.0,1.82,0.684,0.12,25.2,0.532,222.2,48.2,5.65,508.91,gondite_archean,0.432
Odisha,22.2742,86.4814,519.4,8.8,0.54,0.368,-0.147,30.1,0.569,874.1,46.0,5.16,651.58,gondite_archean,0.559
Andhra Pradesh,18.2071,84.2373,333.3,5.4,2.59,0.502,0.233,37.0,0.47,375.3,52.9,12.62,582.33,kodurite_archean,0.218
Odisha,21.1704,85.9806,207.5,28.7,1.9,0.72,-0.096,23.7,0.456,782.7,42.4,3.68,604.2,gondite_archean,0.621
Odisha,21.3665,85.5483,324.7,31.9,1.05,0.42,0.026,23.6,0.538,904.7,33.5,7.33,557.13,gondite_archean,0.458
Karnataka,16.5145,74.7219,327.6,28.9,0.42,0.663,-0.245,35.4,0.673,344.2,18.6,3.0,690.54,archean,0.388
Karnataka,15.8269,77.6595,625.0,21.7,1.35,0.434,-0.051,35.5,0.384,775.3,90.4,2.57,610.8,archean,0.458
Maharashtra,20.4873,79.1496,120.3,26.5,0.8,0.651,-0.048,31.2,0.412,671.4,29.5,1.71,73.95,gondite_archean,0.609
Goa,15.1585,73.8129,116.2,22.2,2.05,0.337,-0.108,27.4,0.392,452.6,-8.4,0.67,868.54,laterite,0.238
Andhra Pradesh,18.7881,83.3071,661.9,19.9,2.59,0.339,0.014,29.8,0.565,450.7,10.3,6.88,464.95,kodurite_archean,0.256
Madhya Pradesh,21.6812,77.1257,857.3,9.4,2.07,0.594,-0.031,37.0,0.524,1117.0,82.9,7.18,211.74,gondite_archean,0.632
Andhra Pradesh,18.0353,83.0998,271.1,2.3,0.32,0.672,0.107,32.6,0.596,579.2,44.1,3.56,502.02,kodurite_archean,0.355
Goa,15.5589,73.9286,551.3,19.1,0.59,0.505,-0.111,22.8,0.458,514.2,18.7,3.53,826.38,laterite,0.288
Karnataka,16.3924,78.341,302.9,30.7,2.79,0.552,0.259,28.4,0.528,691.3,-44.3,6.69,534.87,archean,0.321
Odisha,20.9075,86.4089,112.4,10.3,0.21,0.399,0.137,34.8,0.577,894.8,44.5,11.94,652.62,gondite_archean,0.5
Madhya Pradesh,23.4347,81.3945,669.9,13.5,2.2,0.174,-0.068,28.5,0.605,603.8,65.6,22.14,220.41,gondite_archean,0.372
Odisha,21.6529,86.1424,171.2,30.3,2.48,0.17,-0.245,22.8,0.574,360.1,-4.7,19.41,616.07,gondite_archean,0.392
Karnataka,12.2961,75.7009,524.9,14.9,0.97,0.229,0.191,37.9,0.392,351.9,65.6,3.98,1048.42,archean,0.423
Goa,15.448,74.0252,617.3,33.4,2.42,0.174,-0.101,29.5,0.577,208.5,23.3,36.33,829.2,laterite,0.202
Odisha,22.125,86.1832,389.7,26.0,0.49,0.624,0.019,26.7,0.71,1055.3,84.8,16.74,620.09,gondite_archean,0.491
Goa,15.423,74.1769,451.4,26.4,0.77,0.373,0.081,22.3,0.533,522.9,-18.3,15.25,821.15,laterite,0.075
Maharashtra,19.7204,79.148,643.1,20.1,0.65,0.336,0.24,33.0,0.516,1185.0,60.9,15.41,159.08,gondite_archean,0.524
Odisha,21.3285,84.7874,432.5,29.3,1.07,0.716,-0.192,32.6,0.42,942.2,61.8,11.48,479.32,gondite_archean,0.514
Karnataka,15.4707,74.7467,267.0,17.5,0.44,0.656,0.131,37.1,0.563,691.6,82.2,30.17,780.25,archean,0.527
Madhya Pradesh,21.1078,79.7904,824.4,28.0,1.83,0.553,0.294,23.5,0.413,969.8,69.5,1.33,16.12,gondite_archean,0.712
Odisha,21.3649,83.9488,312.1,29.4,1.12,0.443,0.265,25.6,0.741,467.0,47.8,19.77,392.67,gondite_archean,0.498
Maharashtra,19.5708,78.5496,407.0,5.8,2.19,0.547,-0.274,35.4,0.509,467.9,18.9,4.66,184.41,gondite_archean,0.575
Odisha,20.7043,86.177,832.1,15.1,1.39,0.572,0.266,26.3,0.727,723.7,16.3,7.91,633.26,gondite_archean,0.518
Odisha,21.0306,85.3519,801.0,16.7,0.98,0.289,0.225,24.7,0.405,718.7,34.8,3.46,542.14,gondite_archean,0.552
Karnataka,17.5394,76.7151,674.3,31.5,2.72,0.347,0.271,22.4,0.619,608.5,5.1,2.88,472.49,archean,0.325
Madhya Pradesh,22.5342,79.8139,815.9,23.9,0.77,0.71,-0.141,24.4,0.576,609.3,11.7,7.42,89.92,gondite_archean,0.451
Andhra Pradesh,18.642,83.025,296.2,33.8,0.22,0.678,-0.18,37.2,0.381,119.9,34.2,3.06,451.1,kodurite_archean,0.378
Madhya Pradesh,23.5575,74.3387,109.0,16.6,0.57,0.549,-0.172,28.9,0.587,503.4,49.3,0.56,557.08,gondite_archean,0.459
Odisha,21.0266,85.127,861.3,33.1,2.38,0.511,-0.027,27.7,0.576,894.3,1.8,0.38,519.26,gondite_archean,0.517
Goa,15.251,74.0213,191.7,29.5,0.28,0.65,-0.216,36.2,0.35,522.9,-35.7,1.57,846.51,laterite,0.266
Andhra Pradesh,18.1053,83.2971,235.9,14.0,2.64,0.368,0.271,37.1,0.437,449.9,9.3,0.04,511.82,kodurite_archean,0.327
Odisha,21.2929,86.2974,206.7,4.8,2.78,0.601,0.054,34.3,0.743,696.2,5.0,10.45,635.16,gondite_archean,0.451
Karnataka,18.379,75.8979,837.4,32.7,0.88,0.629,-0.04,36.7,0.716,593.3,-9.7,1.78,454.41,archean,0.405
Karnataka,16.9107,76.9203,650.9,10.6,1.55,0.177,0.191,37.8,0.504,655.1,40.6,7.58,523.63,archean,0.324
Maharashtra,19.6347,80.0273,650.4,12.0,1.73,0.238,-0.028,36.1,0.7,725.7,6.5,6.96,175.19,gondite_archean,0.49
Karnataka,14.5912,74.9785,433.4,3.5,0.48,0.4,-0.117,36.8,0.681,530.3,75.3,2.41,849.08,archean,0.474
Goa,15.4241,74.2157,392.0,4.4,2.09,0.155,-0.015,25.1,0.461,429.1,42.9,5.67,818.48,laterite,0.21
Karnataka,18.0478,78.0599,728.6,11.1,1.73,0.284,-0.034,29.7,0.486,650.0,23.3,7.78,361.43,archean,0.391
Odisha,20.6985,86.9509,180.6,15.4,1.06,0.693,0.222,25.8,0.585,640.4,69.7,0.26,712.24,gondite_archean,0.482
Odisha,21.5591,84.2433,786.1,3.0,0.8,0.749,-0.04,33.2,0.61,541.5,15.2,14.12,420.7,gondite_archean,0.548
Madhya Pradesh,22.3619,78.4611,561.4,6.6,1.33,0.356,-0.059,34.2,0.645,774.4,21.4,12.37,149.59,gondite_archean,0.389
Madhya Pradesh,22.9146,74.4267,418.9,10.2,3.0,0.335,0.231,32.8,0.627,373.7,27.0,3.27,519.13,gondite_archean,0.391
Odisha,21.2947,86.4919,405.3,26.2,1.96,0.375,-0.215,33.3,0.613,947.1,41.4,11.3,655.16,gondite_archean,0.469
Odisha,22.015,85.4443,652.0,34.0,0.43,0.691,-0.224,28.3,0.869,814.9,59.3,1.04,543.59,gondite_archean,0.624
Andhra Pradesh,18.2219,83.4012,439.1,18.3,2.85,0.479,0.272,24.9,0.57,629.6,40.8,6.66,511.5,kodurite_archean,0.431
Andhra Pradesh,18.7325,82.7446,778.9,15.1,0.91,0.672,-0.041,34.9,0.357,507.9,-3.8,4.69,421.97,kodurite_archean,0.334
Odisha,20.36,86.2352,221.3,23.0,2.77,0.558,0.187,23.7,0.613,723.9,60.6,8.72,648.28,gondite_archean,0.614
Karnataka,12.2896,77.6378,643.0,17.1,2.72,0.352,-0.123,36.0,0.529,948.0,20.7,8.54,997.26,archean,0.388
Karnataka,17.4371,78.2998,744.5,13.8,2.41,0.361,-0.2,22.5,0.617,614.3,10.4,28.0,421.1,archean,0.318
Odisha,21.8573,84.6248,130.0,32.2,0.59,0.481,-0.136,23.0,0.303,740.7,56.5,19.33,458.83,gondite_archean,0.463
Maharashtra,21.2117,79.1393,404.9,21.9,1.95,0.439,-0.06,37.8,0.529,1034.9,14.9,0.84,8.56,gondite_archean,0.632
Karnataka,14.6193,74.5661,751.8,13.2,1.83,0.194,-0.195,36.2,0.584,685.9,48.1,52.64,869.58,archean,0.34
Madhya Pradesh,23.783,80.254,384.3,20.5,2.53,0.563,-0.287,27.4,0.511,670.4,20.9,7.68,220.63,gondite_archean,0.419
Madhya Pradesh,21.7639,75.3139,289.4,18.1,0.96,0.719,-0.022,22.9,0.453,1019.5,6.1,6.77,396.69,gondite_archean,0.56
Maharashtra,21.32,79.0223,367.9,16.8,2.8,0.691,-0.246,24.1,0.442,777.8,14.9,8.09,20.17,gondite_archean,0.522
Goa,15.7974,73.9876,579.2,30.1,0.53,0.564,-0.055,25.3,0.353,386.6,-17.1,2.98,802.2,laterite,0.254
Odisha,22.094,85.2271,557.7,20.4,1.35,0.266,0.147,24.0,0.597,663.4,21.9,5.16,521.54,gondite_archean,0.4
Karnataka,16.6058,76.9937,615.5,25.3,1.02,0.343,-0.037,26.9,0.53,458.4,39.6,1.94,551.3,archean,0.43
Karnataka,15.3013,77.7408,771.3,31.9,1.63,0.567,-0.233,31.0,0.469,348.2,-4.8,0.43,665.75,archean,0.402
Odisha,19.5665,83.5292,188.3,9.1,0.82,0.742,-0.116,24.0,0.696,808.8,8.9,6.6,427.84,gondite_archean,0.581
Maharashtra,20.8203,79.8331,796.6,30.6,1.82,0.408,0.085,35.1,0.545,512.6,30.1,5.18,43.28,gondite_archean,0.535
Odisha,20.6852,84.12,390.9,13.7,2.98,0.747,-0.231,33.6,0.502,653.3,106.5,2.0,426.72,gondite_archean,0.621
Maharashtra,19.7739,80.3443,625.4,15.8,2.41,0.641,-0.126,27.4,0.553,665.3,53.7,20.16,171.26,gondite_archean,0.556
Madhya Pradesh,21.3502,78.7095,722.7,4.2,0.68,0.157,0.056,36.2,0.491,973.2,47.9,1.02,45.28,gondite_archean,0.637
Madhya Pradesh,22.2488,80.3377,706.5,32.0,0.24,0.635,0.263,34.6,0.565,746.0,-2.9,7.83,52.48,gondite_archean,0.458
Andhra Pradesh,18.9052,84.1062,441.3,22.6,2.6,0.444,-0.17,24.7,0.435,420.9,30.1,4.06,520.67,kodurite_archean,0.18
Maharashtra,19.1391,78.7479,499.4,12.5,1.03,0.19,0.237,33.1,0.762,642.0,57.8,5.2,226.44,gondite_archean,0.553
Karnataka,12.0717,78.2062,582.6,7.9,2.77,0.699,0.294,36.0,0.561,731.6,21.2,31.07,1013.83,archean,0.39
Odisha,22.1127,83.5144,116.8,16.8,0.87,0.564,0.039,23.2,0.516,558.2,51.7,4.3,345.63,gondite_archean,0.467
Odisha,20.953,83.8179,203.1,9.1,2.61,0.705,0.196,27.3,0.604,438.2,60.5,14.98,388.27,gondite_archean,0.54
Maharashtra,21.385,79.522,831.1,33.9,2.57,0.336,-0.182,30.8,0.684,754.2,31.7,11.15,27.34,gondite_archean,0.519
Odisha,20.4623,84.855,598.1,6.4,2.61,0.419,0.25,29.5,0.477,693.0,38.6,0.91,507.16,gondite_archean,0.477
Karnataka,15.8303,75.6027,240.2,27.3,2.85,0.21,-0.207,37.4,0.565,626.7,56.5,0.67,696.43,archean,0.338
Odisha,21.821,85.3504,842.4,15.6,2.64,0.419,0.288,37.4,0.65,713.3,28.3,7.83,533.75,gondite_archean,0.519
Odisha,22.0101,84.1109,156.7,14.6,1.82,0.663,0.285,29.0,0.359,1198.0,39.0,3.31,406.2,gondite_archean,0.427
Maharashtra,20.3597,80.2537,534.8,9.1,2.58,0.484,-0.176,32.0,0.68,697.2,81.4,0.8,109.81,gondite_archean,0.559
Karnataka,18.3911,77.7338,228.0,10.4,1.12,0.54,0.154,34.0,0.685,668.8,3.1,6.65,338.0,archean,0.399
Jharkhand,23.586,86.1574,617.4,32.6,1.4,0.349,0.286,35.8,0.471,264.6,1.1,25.33,644.48,archean,0.281
Karnataka,17.6896,75.2574,538.3,1.8,2.34,0.499,0.075,22.8,0.624,372.1,78.7,6.37,556.34,archean,0.514
Odisha,20.2335,83.9797,779.3,22.0,0.72,0.256,0.224,33.9,0.439,1124.7,22.3,15.05,431.13,gondite_archean,0.533
Maharashtra,19.7427,79.3531,248.8,4.8,2.22,0.311,0.192,37.9,0.554,618.2,53.0,11.42,158.87,gondite_archean,0.526
Karnataka,14.95,76.8799,879.2,12.1,2.78,0.312,0.293,32.7,0.794,513.2,5.3,0.96,727.88,archean,0.335
Odisha,20.543,86.17,586.4,4.5,2.59,0.511,0.277,32.7,0.547,519.1,33.4,0.12,636.58,gondite_archean,0.486
Odisha,20.255,85.0034,490.0,5.7,2.09,0.508,-0.123,22.2,0.538,636.6,29.1,7.91,529.24,gondite_archean,0.415
Madhya Pradesh,21.8091,76.7506,591.2,30.3,2.31,0.482,-0.083,27.8,0.541,792.7,29.5,0.89,252.91,gondite_archean,0.652
Odisha,22.1709,85.425,430.7,3.5,2.2,0.572,0.068,30.2,0.798,498.8,-3.9,4.78,542.34,gondite_archean,0.525
Andhra Pradesh,17.7424,83.0857,643.6,11.7,2.42,0.228,0.158,23.1,0.251,710.5,31.5,5.69,524.36,kodurite_archean,0.19
Jharkhand,23.9664,86.27,454.3,17.7,2.11,0.211,-0.103,23.2,0.7,644.5,-23.6,0.69,668.69,archean,0.368
Madhya Pradesh,21.9494,78.9195,881.8,4.8,0.79,0.434,0.281,34.3,0.525,921.6,34.4,28.07,90.63,gondite_archean,0.49
Maharashtra,20.9464,80.0523,528.1,28.1,1.87,0.339,0.037,30.5,0.734,681.9,43.1,3.71,48.59,gondite_archean,0.536
Odisha,20.5897,85.6372,195.4,32.4,0.42,0.708,0.124,27.3,0.734,648.1,79.7,3.94,581.51,gondite_archean,0.637
Karnataka,18.4341,75.3557,434.3,10.9,2.34,0.608,-0.125,23.3,0.516,616.3,32.9,5.08,493.77,archean,0.419
Odisha,22.1737,85.2187,579.3,4.3,1.27,0.717,0.054,27.5,0.65,825.8,39.4,25.49,521.17,gondite_archean,0.413
Odisha,21.659,85.6507,643.7,12.9,1.08,0.561,-0.171,28.7,0.552,869.7,5.4,12.49,565.27,gondite_archean,0.502
Maharashtra,19.2815,80.3241,255.7,21.8,2.96,0.679,0.274,27.5,0.735,780.5,49.0,3.13,221.46,gondite_archean,0.508
Karnataka,16.3025,76.368,749.6,6.3,2.41,0.189,-0.184,32.5,0.468,784.9,39.5,1.9,610.45,archean,0.281
Andhra Pradesh,18.6605,82.7906,471.1,27.3,1.14,0.53,-0.27,31.7,0.504,450.7,-16.7,14.71,430.86,kodurite_archean,0.21
Odisha,20.6898,84.795,327.8,32.0,2.3,0.188,0.129,30.4,0.524,906.9,39.1,5.38,493.94,gondite_archean,0.651
Karnataka,13.3366,77.5228,461.1,33.6,0.93,0.56,0.264,32.6,0.536,689.9,58.9,1.36,884.58,archean,0.356
Madhya Pradesh,21.8065,79.9499,522.4,15.0,0.95,0.749,-0.257,22.7,0.528,851.3,74.1,3.65,23.77,gondite_archean,0.655
Jharkhand,22.8688,85.3009,472.8,24.1,2.53,0.425,0.056,26.3,0.329,739.8,28.2,3.22,539.91,archean,0.427
Odisha,20.2334,86.415,591.5,32.1,0.85,0.223,-0.296,30.1,0.648,705.7,24.1,1.3,670.14,gondite_archean,0.528
Odisha,20.9057,84.987,331.1,6.9,2.33,0.744,0.167,26.7,0.467,639.9,42.3,7.44,507.63,gondite_archean,0.441
Maharashtra,20.7005,79.0847,364.2,24.2,1.18,0.278,-0.075,26.4,0.512,880.8,40.4,1.9,49.98,gondite_archean,0.529
Karnataka,12.4169,75.4051,734.3,28.3,0.78,0.352,-0.219,23.2,0.707,709.3,38.7,0.13,1047.14,archean,0.466
Odisha,21.4647,84.8152,886.0,23.6,2.88,0.271,0.218,27.1,0.735,796.3,8.9,34.36,480.53,gondite_archean,0.291
Karnataka,15.9265,74.7182,773.8,23.0,1.33,0.16,0.055,22.2,0.458,556.4,17.4,3.01,741.34,archean,0.36
Odisha,21.2405,85.8162,676.9,9.7,0.45,0.197,-0.044,37.1,0.475,615.7,44.0,9.11,586.3,gondite_archean,0.4
Madhya Pradesh,24.014,77.8914,207.6,10.8,2.05,0.518,0.019,32.9,0.663,842.1,73.5,2.29,339.91,gondite_archean,0.593
Maharashtra,21.2555,79.2715,723.3,25.6,0.37,0.499,-0.222,37.5,0.553,789.4,44.4,3.38,22.17,gondite_archean,0.518
Odisha,21.1249,84.8575,180.9,28.3,2.76,0.604,0.193,25.5,0.46,645.0,54.1,8.14,489.81,gondite_archean,0.526
Karnataka,14.7675,74.8013,125.2,24.6,1.43,0.481,0.035,26.4,0.223,251.3,58.2,4.8,842.14,archean,0.338
Madhya Pradesh,24.1343,80.9299,812.3,10.2,0.3,0.307,-0.133,36.5,0.482,826.3,72.8,15.71,270.68,gondite_archean,0.553
Goa,15.1614,73.9549,292.3,13.2,2.76,0.495,0.143,29.8,0.653,481.5,27.1,13.31,858.74,laterite,0.203
Karnataka,16.8517,76.1161,642.7,27.0,2.98,0.357,-0.053,24.6,0.597,462.9,24.0,1.59,571.07,archean,0.431
Odisha,20.8652,84.5173,286.9,26.0,0.22,0.474,0.176,26.3,0.757,980.9,21.0,3.4,461.09,gondite_archean,0.653
Andhra Pradesh,18.6377,83.1425,182.4,3.4,0.46,0.5,-0.269,27.4,0.371,712.9,36.3,2.26,461.07,kodurite_archean,0.372
Maharashtra,20.8694,79.2949,268.3,18.7,2.78,0.534,-0.196,32.9,0.786,479.9,41.2,13.46,37.76,gondite_archean,0.654
Maharashtra,20.5377,78.8016,768.8,32.8,0.58,0.443,-0.145,34.1,0.476,866.5,34.8,12.77,74.39,gondite_archean,0.529
Karnataka,14.1338,75.133,234.1,23.5,1.74,0.223,-0.232,23.2,0.624,859.6,31.1,0.71,885.55,archean,0.383
Goa,15.7257,74.1491,841.0,28.6,2.52,0.492,-0.116,25.5,0.571,125.4,-3.9,5.05,796.97,laterite,0.15
Odisha,21.2659,86.7311,698.5,23.7,1.83,0.443,-0.188,36.3,0.519,737.5,20.7,3.72,680.15,gondite_archean,0.509
Odisha,19.9112,84.1062,143.5,23.3,2.54,0.374,0.225,25.4,0.453,691.1,7.6,7.6,458.83,gondite_archean,0.551
Maharashtra,20.3643,79.7553,848.2,11.2,1.21,0.581,0.067,24.9,0.49,328.0,7.3,20.66,90.26,gondite_archean,0.418
Maharashtra,20.2034,79.8601,817.8,5.6,0.9,0.476,0.179,22.6,0.556,846.8,4.0,1.53,109.68,gondite_archean,0.445
Maharashtra,21.3885,79.3273,861.9,29.0,1.55,0.554,-0.039,30.9,0.578,713.2,25.1,3.13,36.17,gondite_archean,0.588
Karnataka,15.8783,75.6494,574.0,11.1,0.36,0.152,-0.239,34.7,0.51,763.0,-0.6,6.41,689.27,archean,0.357
Odisha,21.3336,86.7664,256.6,27.0,0.27,0.375,-0.234,27.6,0.508,557.5,-4.0,8.55,683.02,gondite_archean,0.382
Goa,15.3205,73.8962,316.6,30.0,1.8,0.423,-0.21,29.2,0.461,402.9,-28.9,4.23,848.94,laterite,0.208
Andhra Pradesh,18.2913,83.1684,266.3,28.2,1.95,0.431,-0.17,27.3,0.473,625.0,30.1,12.08,487.89,kodurite_archean,0.152
Karnataka,13.1616,76.8397,632.2,25.2,2.67,0.373,-0.255,37.3,0.76,449.1,42.7,1.84,919.82,archean,0.543
Maharashtra,21.0094,79.606,490.8,4.9,0.44,0.354,-0.113,37.3,0.637,1008.2,6.6,30.7,18.44,gondite_archean,0.528
Karnataka,12.695,76.4752,799.2,31.2,0.23,0.682,-0.137,22.6,0.695,1036.2,42.5,17.67,980.35,archean,0.521
Madhya Pradesh,24.3868,81.9692,193.2,29.9,1.6,0.383,0.068,22.9,0.691,783.8,29.4,22.44,340.9,gondite_archean,0.398
Karnataka,14.3294,76.2621,515.6,22.5,2.44,0.421,0.19,30.5,0.67,405.1,40.3,0.47,815.32,archean,0.516
Odisha,20.3559,84.4892,638.7,1.6,2.32,0.309,-0.114,30.4,0.601,729.6,35.6,15.15,475.03,gondite_archean,0.423
Madhya Pradesh,22.0232,77.3661,665.4,34.1,2.7,0.355,0.299,22.1,0.509,480.5,57.5,2.17,202.97,gondite_archean,0.571
Karnataka,18.0204,77.76,358.6,34.4,2.18,0.187,-0.279,24.7,0.423,776.7,6.1,20.29,374.84,archean,0.34
Karnataka,17.9029,78.2795,104.9,16.8,0.27,0.695,0.011,23.2,0.489,485.9,32.8,16.18,370.92,archean,0.422
Karnataka,12.2809,78.3973,113.7,33.2,1.23,0.156,0.113,37.7,0.552,403.2,62.2,1.6,988.95,archean,0.438
Jharkhand,23.2775,86.6941,532.1,15.1,2.94,0.499,0.22,37.3,0.585,1047.3,15.1,2.35,688.81,archean,0.416
Karnataka,14.3404,76.1822,179.1,2.4,2.09,0.472,-0.034,32.2,0.487,906.7,39.6,14.64,817.33,archean,0.436
Karnataka,16.1907,75.2083,548.4,34.4,1.65,0.707,-0.056,38.0,0.456,678.5,-11.0,0.26,686.41,archean,0.44
Andhra Pradesh,17.9136,84.0931,330.6,7.6,2.93,0.367,0.061,31.8,0.57,534.3,-6.4,15.87,589.74,kodurite_archean,0.362
Odisha,21.1327,86.8269,600.3,28.8,2.03,0.654,0.267,26.4,0.553,523.1,13.4,0.03,691.77,gondite_archean,0.522
Karnataka,18.2976,77.2799,421.1,7.5,1.2,0.252,-0.236,36.5,0.501,578.8,-6.9,2.87,369.44,archean,0.339
Odisha,21.8228,85.994,608.0,14.2,2.75,0.732,-0.196,25.6,0.453,791.2,87.9,5.91,600.18,gondite_archean,0.475
Karnataka,15.5259,78.3352,264.8,23.3,0.32,0.19,0.031,23.7,0.731,772.1,44.0,1.61,630.42,archean,0.371
Madhya Pradesh,22.4419,79.2304,896.0,32.9,0.21,0.681,-0.26,37.2,0.464,485.4,40.5,7.55,121.09,gondite_archean,0.504
Maharashtra,20.9049,79.0256,136.2,1.1,1.18,0.295,-0.263,24.9,0.574,553.6,65.0,0.83,28.06,gondite_archean,0.691
Karnataka,12.3333,76.0827,250.9,20.1,2.14,0.469,-0.039,28.2,0.467,768.4,51.1,4.35,1031.22,archean,0.484
Odisha,20.9116,83.8262,136.7,4.8,0.72,0.453,0.209,25.8,0.485,740.0,80.8,15.18,390.3,gondite_archean,0.639
Jharkhand,23.0163,85.6904,248.7,1.2,1.63,0.483,0.195,30.1,0.546,801.8,23.5,15.47,582.34,archean,0.421
Maharashtra,19.4256,78.8795,841.2,2.1,1.5,0.338,0.099,35.4,0.44,399.2,34.8,2.13,193.0,gondite_archean,0.501
Karnataka,16.6546,74.9377,316.4,2.6,1.41,0.646,-0.285,32.8,0.647,848.8,-0.6,1.49,663.72,archean,0.51
Madhya Pradesh,22.6929,79.8307,453.1,12.5,1.02,0.277,-0.141,23.5,0.525,760.5,53.1,3.15,105.59,gondite_archean,0.472
Maharashtra,20.7922,79.6624,867.0,1.7,2.27,0.725,0.217,24.7,0.444,677.6,77.6,3.05,42.03,gondite_archean,0.64
Madhya Pradesh,23.4182,77.3707,783.2,27.2,0.38,0.523,-0.159,30.9,0.367,632.9,43.2,0.97,308.06,gondite_archean,0.389
Madhya Pradesh,21.0047,76.5908,275.9,34.0,2.24,0.36,-0.244,30.3,0.582,486.1,48.0,8.04,259.81,gondite_archean,0.542
Madhya Pradesh,24.2454,81.4552,510.2,11.4,1.49,0.262,0.082,30.0,0.553,764.3,63.5,6.68,301.61,gondite_archean,0.503
Maharashtra,19.8476,79.6428,457.9,23.4,0.34,0.446,-0.122,27.2,0.572,386.0,32.3,10.9,147.05,gondite_archean,0.527
Andhra Pradesh,17.965,83.2855,385.2,29.3,0.32,0.335,0.108,31.0,0.645,50.0,9.1,5.57,521.57,kodurite_archean,0.16
Goa,15.2087,74.2339,615.4,1.7,2.23,0.171,0.298,36.0,0.315,246.3,-28.7,3.73,836.25,laterite,0.069
Karnataka,16.0374,75.1571,776.8,28.6,1.53,0.662,-0.152,22.3,0.426,1102.3,51.4,28.03,703.45,archean,0.463
Madhya Pradesh,23.6742,74.6705,228.6,25.9,1.41,0.418,-0.115,31.7,0.616,549.1,9.9,17.59,533.96,gondite_archean,0.396
Odisha,20.0298,85.4205,484.9,2.6,0.22,0.743,0.095,27.8,0.353,736.4,70.2,17.15,578.77,gondite_archean,0.44
Odisha,22.0211,83.9254,272.0,2.3,0.59,0.7,-0.024,23.2,0.627,686.6,57.5,12.75,387.16,gondite_archean,0.56
Karnataka,17.0336,75.5498,362.9,4.7,2.82,0.325,0.012,28.3,0.508,717.1,41.4,4.58,589.75,archean,0.434
Karnataka,16.8603,78.1516,703.9,8.7,2.69,0.383,0.046,35.3,0.587,538.3,51.1,1.51,487.08,archean,0.435
Karnataka,17.4135,74.5769,189.8,34.7,0.99,0.735,-0.19,27.8,0.611,904.1,51.7,14.83,629.98,archean,0.63
Odisha,20.8274,84.0441,576.8,9.5,1.13,0.433,-0.284,23.5,0.478,1138.6,48.7,0.07,414.61,gondite_archean,0.59
Madhya Pradesh,21.328,80.2475,893.2,19.1,2.11,0.292,-0.037,35.7,0.497,631.6,82.4,3.77,52.94,gondite_archean,0.524
Goa,15.0756,73.9854,667.2,8.7,2.04,0.249,-0.266,23.9,0.451,570.5,-5.6,7.18,864.23,laterite,0.262
Karnataka,18.1473,77.4903,684.4,2.6,1.74,0.43,0.257,26.1,0.447,346.2,15.6,15.58,373.54,archean,0.316
Madhya Pradesh,24.0148,80.6491,325.6,19.6,0.43,0.699,-0.057,28.3,0.515,405.7,21.2,12.87,250.91,gondite_archean,0.379
Andhra Pradesh,17.9563,83.438,799.1,2.8,2.69,0.282,0.107,31.3,0.604,543.0,9.7,6.18,534.0,kodurite_archean,0.235
Andhra Pradesh,17.8247,84.1059,419.7,7.4,2.33,0.205,0.009,23.0,0.611,175.4,-36.1,4.48,597.01,kodurite_archean,0.303
Odisha,20.8676,86.8364,780.4,5.9,0.28,0.71,0.016,30.6,0.477,990.2,51.0,8.92,697.13,gondite_archean,0.546
Odisha,19.8997,84.2149,713.4,11.0,0.26,0.717,-0.198,22.2,0.468,627.7,57.8,16.91,469.49,gondite_archean,0.499
Karnataka,14.6708,76.72,294.8,2.8,2.83,0.262,-0.181,29.6,0.474,658.7,19.9,9.21,762.78,archean,0.306
Odisha,20.769,85.4507,810.9,12.1,0.57,0.444,0.148,23.8,0.523,770.4,37.9,2.83,557.97,gondite_archean,0.467
Andhra Pradesh,18.4032,83.4079,426.3,17.9,0.31,0.686,0.299,24.9,0.621,760.3,28.2,4.78,499.19,kodurite_archean,0.402
Madhya Pradesh,23.409,78.1019,480.5,22.9,1.76,0.536,0.068,33.5,0.597,1221.9,25.2,2.21,270.98,gondite_archean,0.667
Odisha,21.1799,85.5673,877.6,13.3,1.3,0.271,-0.258,34.4,0.634,494.7,31.0,16.72,561.61,gondite_archean,0.56
Karnataka,13.8519,78.0841,789.3,6.6,0.27,0.204,-0.128,37.6,0.274,849.4,25.8,3.03,818.48,archean,0.429
Goa,15.6796,74.2218,509.8,27.8,0.7,0.494,0.29,26.7,0.434,710.9,20.3,0.72,795.93,laterite,0.197
Goa,15.2334,73.9132,203.3,33.2,2.19,0.595,-0.0,29.6,0.458,227.6,-0.2,1.31,855.29,laterite,0.285
Maharashtra,19.3051,78.8787,269.2,19.9,2.4,0.339,-0.249,29.4,0.463,924.2,25.5,1.91,206.32,gondite_archean,0.522
Karnataka,14.0679,78.3261,731.3,25.6,0.72,0.696,0.197,24.6,0.473,786.7,34.6,8.49,791.64,archean,0.402
Odisha,20.4566,86.9749,642.7,25.8,0.8,0.197,-0.134,26.0,0.477,660.7,-7.0,13.73,720.34,gondite_archean,0.453
Odisha,20.8939,83.5478,485.3,2.9,2.94,0.624,-0.006,23.4,0.735,884.1,45.7,13.47,363.04,gondite_archean,0.47
Maharashtra,21.0075,80.2586,850.1,14.8,1.79,0.624,0.118,37.9,0.443,601.0,56.6,0.71,65.68,gondite_archean,0.489
Maharashtra,20.7336,79.0016,302.3,22.4,2.33,0.676,0.211,37.4,0.66,813.4,74.1,1.09,47.21,gondite_archean,0.618
Karnataka,13.7645,75.6666,198.6,28.4,0.23,0.338,-0.195,31.4,0.417,485.5,83.0,1.03,897.8,archean,0.414
Odisha,20.2415,86.9081,417.7,21.4,0.88,0.444,-0.256,22.6,0.274,633.2,48.7,39.59,719.44,gondite_archean,0.372
Karnataka,16.0596,78.3519,765.2,16.8,2.26,0.227,0.007,26.5,0.489,423.6,38.8,4.87,571.34,archean,0.322
Madhya Pradesh,21.5123,75.1182,566.7,34.5,0.47,0.321,0.222,23.2,0.568,992.4,-3.4,2.82,413.35,gondite_archean,0.428
Karnataka,17.7512,77.3952,635.8,28.2,0.92,0.521,-0.024,34.5,0.644,384.8,22.8,0.55,417.6,archean,0.457
Karnataka,14.2488,77.1889,860.8,17.5,1.51,0.543,-0.238,26.1,0.549,777.6,56.1,14.65,793.32,archean,0.491
Odisha,22.2931,85.4353,657.2,21.3,0.54,0.728,-0.226,26.1,0.614,1016.5,39.9,3.79,544.37,gondite_archean,0.638
Goa,15.029,74.2281,284.7,29.9,0.59,0.498,0.233,29.6,0.532,544.2,16.8,4.74,852.64,laterite,0.259
Odisha,19.6434,84.3626,214.6,20.0,0.72,0.173,-0.278,35.3,0.35,1005.8,39.7,1.62,496.67,gondite_archean,0.49
Maharashtra,20.9085,79.3587,789.3,6.1,0.98,0.206,-0.173,25.8,0.693,284.7,27.0,4.11,38.72,gondite_archean,0.497
Madhya Pradesh,22.2275,76.1871,561.9,32.7,0.3,0.612,0.134,37.4,0.387,799.9,77.2,18.08,322.97,gondite_archean,0.539
Maharashtra,19.4882,79.6994,365.7,1.3,0.76,0.218,0.206,26.1,0.484,708.0,6.9,3.59,187.08,gondite_archean,0.463
Andhra Pradesh,18.1365,84.3314,498.4,14.6,2.3,0.194,-0.246,32.4,0.647,496.8,11.8,7.26,594.98,kodurite_archean,0.317
Karnataka,18.3805,77.8243,829.4,9.6,2.36,0.309,-0.175,37.1,0.557,592.2,7.0,1.95,335.22,archean,0.294
Madhya Pradesh,22.2183,79.2591,112.5,3.2,0.48,0.401,0.189,36.2,0.613,474.7,19.3,4.21,105.72,gondite_archean,0.535
Madhya Pradesh,21.4721,74.2079,222.2,22.3,0.41,0.264,-0.097,23.2,0.747,571.5,3.3,15.03,506.99,gondite_archean,0.465
Karnataka,17.3465,76.1241,887.7,27.2,2.9,0.459,-0.016,34.1,0.645,537.3,34.5,1.59,525.14,archean,0.333
Karnataka,18.0538,75.0844,605.9,21.2,0.54,0.346,0.038,25.0,0.448,550.3,69.5,2.65,542.7,archean,0.402
Odisha,21.1237,86.8481,413.0,15.3,2.91,0.567,0.132,31.0,0.598,904.8,15.8,2.89,694.08,gondite_archean,0.572
Maharashtra,19.7418,79.6255,299.5,28.8,0.51,0.648,0.062,25.0,0.347,848.5,10.1,0.52,158.83,gondite_archean,0.411
Jharkhand,22.0631,86.325,397.0,23.0,1.2,0.554,0.138,33.0,0.559,501.8,-9.3,5.04,634.47,archean,0.259
Maharashtra,19.7721,79.1306,148.4,24.4,1.79,0.36,0.123,30.6,0.697,160.4,73.8,2.73,153.27,gondite_archean,0.57
Odisha,19.9699,85.7379,798.3,14.9,0.67,0.604,0.199,36.1,0.683,840.6,45.1,0.58,612.15,gondite_archean,0.52
Karnataka,15.0726,75.7428,796.3,6.8,1.19,0.615,-0.282,32.8,0.476,813.2,10.0,2.39,762.66,archean,0.426
Odisha,20.4456,86.5632,377.7,20.1,1.41,0.425,0.282,26.7,0.42,1151.4,38.0,13.43,678.93,gondite_archean,0.466
Odisha,19.7088,84.0377,711.5,25.6,1.78,0.431,0.233,34.3,0.62,879.0,22.9,16.0,463.61,gondite_archean,0.615
Goa,15.019,73.8258,867.0,10.4,2.65,0.383,-0.229,23.3,0.383,289.5,57.1,34.38,879.76,laterite,0.191
Karnataka,15.3682,76.5873,531.5,18.6,0.22,0.151,-0.241,23.6,0.407,791.2,30.7,1.54,695.05,archean,0.276
Andhra Pradesh,18.8326,84.2026,446.7,26.8,0.47,0.174,0.152,28.8,0.462,742.6,27.4,19.81,533.63,kodurite_archean,0.299
Odisha,22.3494,84.0308,165.6,15.7,2.52,0.434,0.198,33.7,0.56,392.4,7.9,3.55,401.47,gondite_archean,0.416
Odisha,20.1117,84.1547,491.2,28.1,1.79,0.686,0.082,33.0,0.489,1172.3,27.0,15.72,453.39,gondite_archean,0.544
Maharashtra,19.6131,80.0361,110.1,8.4,0.38,0.618,0.154,35.0,0.56,742.1,18.2,8.39,177.74,gondite_archean,0.528
Odisha,20.044,85.1653,622.9,6.0,0.72,0.273,-0.157,25.6,0.757,556.0,75.2,10.16,553.34,gondite_archean,0.496
Odisha,19.6465,86.5728,163.9,6.0,0.26,0.527,0.049,37.8,0.534,967.1,2.2,1.32,706.57,gondite_archean,0.439
Odisha,19.8969,83.8994,292.4,11.4,2.89,0.497,0.293,28.0,0.324,685.2,30.4,23.21,440.61,gondite_archean,0.422
Jharkhand,22.0898,85.3007,438.8,7.3,1.22,0.227,-0.026,26.3,0.434,607.5,36.3,3.19,529.1,archean,0.375
Andhra Pradesh,18.7648,84.4041,732.1,23.4,2.6,0.195,-0.022,37.8,0.52,571.8,41.8,5.92,554.92,kodurite_archean,0.344
Goa,15.66,74.2219,638.4,11.4,0.3,0.711,0.052,26.8,0.472,363.1,19.4,8.29,797.6,laterite,0.268
Karnataka,13.9765,74.5342,766.9,4.0,1.97,0.452,0.016,36.8,0.437,637.8,32.5,0.24,932.26,archean,0.492
Odisha,21.338,86.3214,450.2,19.9,2.44,0.516,-0.165,31.8,0.727,932.3,47.0,1.76,637.1,gondite_archean,0.562
Jharkhand,23.0767,86.3439,179.6,13.9,2.35,0.574,-0.276,30.7,0.68,482.5,78.0,3.33,649.15,archean,0.427
Karnataka,14.7588,75.0823,764.9,12.9,1.32,0.686,-0.002,30.7,0.508,404.5,26.8,3.72,827.36,archean,0.42
Odisha,19.843,86.0911,716.0,33.9,2.37,0.296,-0.276,37.8,0.406,562.4,42.8,1.94,651.68,gondite_archean,0.506
Goa,15.7947,73.8433,789.8,14.3,1.67,0.699,0.284,26.2,0.407,427.1,-8.6,4.16,812.69,laterite,0.217
Odisha,22.0057,84.2341,362.6,30.6,2.29,0.281,-0.257,33.5,0.725,667.0,-11.4,4.8,418.87,gondite_archean,0.414
Maharashtra,21.2556,78.5995,519.3,2.1,1.51,0.681,-0.083,36.9,0.632,816.1,28.5,2.1,52.18,gondite_archean,0.589
Karnataka,13.1057,76.4796,477.1,33.5,1.41,0.621,0.265,36.0,0.518,366.1,1.2,3.58,936.42,archean,0.267
Andhra Pradesh,18.1782,83.5474,886.0,3.0,1.57,0.614,-0.209,31.8,0.533,435.2,-13.0,7.29,526.43,kodurite_archean,0.21
Odisha,20.3547,84.9582,382.9,18.8,1.88,0.49,0.093,26.9,0.602,680.0,27.1,4.18,521.13,gondite_archean,0.53
Karnataka,15.4666,77.138,133.3,25.5,0.37,0.431,0.197,29.2,0.551,735.1,-2.4,22.7,664.68,archean,0.343
Madhya Pradesh,23.9832,76.7368,368.2,34.5,1.66,0.234,-0.168,29.7,0.554,663.5,73.7,3.51,397.01,gondite_archean,0.482
Jharkhand,22.3615,86.182,171.8,26.0,2.99,0.641,0.033,29.8,0.478,617.6,51.3,15.33,621.54,archean,0.379
Maharashtra,20.5777,79.5279,667.0,14.3,2.56,0.556,0.119,30.6,0.522,879.4,71.0,5.43,67.07,gondite_archean,0.551
Goa,15.2771,73.9847,811.0,16.8,1.65,0.35,-0.134,32.5,0.364,534.5,30.8,1.63,846.69,laterite,0.327
Odisha,20.727,85.9473,611.0,19.1,2.35,0.605,0.071,34.6,0.655,711.5,67.4,6.32,609.39,gondite_archean,0.575
Odisha,21.1272,84.7989,658.0,17.2,2.54,0.557,0.111,25.5,0.483,998.1,10.4,6.19,483.78,gondite_archean,0.503
Odisha,21.1591,85.7705,412.2,18.0,2.65,0.215,0.175,24.7,0.499,1065.4,40.2,0.18,582.8,gondite_archean,0.573
Maharashtra,19.2756,80.0788,234.5,12.7,2.33,0.723,-0.077,35.3,0.623,674.9,11.3,2.88,215.35,gondite_archean,0.541
Odisha,20.6489,84.2128,615.2,34.8,0.23,0.475,0.044,36.6,0.93,864.9,-5.0,0.46,437.14,gondite_archean,0.513
Karnataka,12.3418,76.702,345.8,19.1,0.58,0.71,0.237,25.0,0.657,344.3,22.2,2.31,1011.81,archean,0.37
Goa,15.682,74.0899,516.3,32.6,2.81,0.732,-0.225,24.6,0.495,812.0,29.7,7.2,804.77,laterite,0.287
Andhra Pradesh,18.1411,82.7268,447.0,16.5,1.74,0.213,0.295,25.9,0.485,227.7,-42.7,11.82,466.05,kodurite_archean,0.299
Karnataka,15.963,77.395,120.0,20.4,2.68,0.16,-0.057,36.8,0.449,240.4,26.7,5.78,603.78,archean,0.389
Andhra Pradesh,18.6078,83.0303,113.5,17.3,2.6,0.688,0.274,36.1,0.295,930.8,35.3,6.18,453.94,kodurite_archean,0.398
Odisha,22.2782,85.0946,390.7,22.4,2.09,0.276,0.202,26.6,0.515,530.2,-5.6,14.08,509.31,gondite_archean,0.434
Maharashtra,21.4268,79.0096,488.6,18.0,0.87,0.504,-0.034,29.1,0.31,835.8,20.1,1.13,31.89,gondite_archean,0.432
Karnataka,16.5009,77.0207,743.0,16.4,1.65,0.636,-0.043,33.2,0.285,349.1,12.1,3.31,560.93,archean,0.383
Odisha,20.5773,84.3063,563.5,28.1,2.4,0.369,0.293,31.5,0.697,711.5,61.3,1.75,448.87,gondite_archean,0.582
Karnataka,17.6019,76.5162,646.8,21.0,2.56,0.321,0.045,24.0,0.653,841.3,31.4,4.28,478.03,archean,0.415
Odisha,20.7597,84.1798,432.4,14.1,2.27,0.615,0.064,22.4,0.584,872.1,47.2,5.03,430.26,gondite_archean,0.46
Karnataka,17.7831,76.2494,160.3,33.2,2.78,0.561,-0.019,23.5,0.528,508.9,2.1,1.4,478.34,archean,0.367
Odisha,20.1153,86.0042,747.1,16.4,1.62,0.17,-0.258,26.1,0.76,841.2,-0.9,1.01,633.06,gondite_archean,0.563
Maharashtra,19.9095,79.9721,510.4,26.1,2.74,0.703,0.021,30.2,0.582,760.6,11.7,4.54,144.12,gondite_archean,0.508
Odisha,21.0076,85.4645,370.2,3.4,2.84,0.614,0.203,27.9,0.549,1101.8,30.5,3.39,554.1,gondite_archean,0.529
Odisha,22.4948,83.6722,452.9,16.4,1.04,0.493,-0.21,34.5,0.673,435.3,53.4,14.45,367.85,gondite_archean,0.51
Madhya Pradesh,22.3594,78.0256,715.0,30.8,0.49,0.381,0.166,28.9,0.45,431.9,1.7,1.42,173.68,gondite_archean,0.422
Odisha,21.1765,85.406,264.2,24.6,2.28,0.305,-0.094,37.8,0.72,651.6,74.0,11.72,545.11,gondite_archean,0.508
Maharashtra,21.1369,80.3784,564.0,9.1,1.32,0.605,0.091,24.8,0.576,714.5,38.3,10.99,75.63,gondite_archean,0.437
Madhya Pradesh,21.2916,75.4846,275.5,9.8,1.78,0.452,-0.178,23.1,0.692,761.2,39.4,9.81,374.04,gondite_archean,0.584
Odisha,21.5652,84.4533,765.6,3.8,2.36,0.21,0.229,26.9,0.539,1211.6,73.9,23.58,442.31,gondite_archean,0.453
Odisha,22.2566,85.6318,745.9,14.1,1.52,0.671,-0.051,30.6,0.723,957.3,11.2,4.72,564.21,gondite_archean,0.55
Karnataka,15.2218,77.9813,720.7,3.9,2.69,0.433,0.146,24.2,0.383,808.2,20.8,1.32,669.5,archean,0.397
Odisha,20.2192,83.8501,653.5,2.0,1.93,0.234,0.267,36.9,0.627,513.9,23.5,3.35,419.53,gondite_archean,0.452
